-1.5613711532366983,5.2667664567730421,0.28500692941590039,0.22002114871359127,24518
2.9117558982997505,6.5157759930244854,-1.016322259673283,0.21528901965960898,29848
2.3729227930466195,6.5357903002425726,0.055816048338968083,0.21663605407190745,40454
-2.5787695958392343,6.9056718126023622,-1.8529515030577521,0.21544886985387826,2359
3.3601531580772077,6.0798522287118342,-1.7487459488692394,0.21287854369370079,12305
2.2189696822998468,6.1855597297193823,-4.4092327138667331,0.21815657329870961,30825
-0.79780533864132241,5.4555422707909633,0.87143860713181254,0.2244571937012729,36585
-2.373806565712643,6.8637857770938755,-3.3257500377526359,0.21796290844995828,18903
-2.96831845166848,5.4822458574646946,-2.0600641723606454,0.21774687153473588,23578
2.9567859978913207,6.0183676170327836,-3.6342955212630521,0.21819554494178481,30604
-1.0249242027300471,7.0096331525727695,-0.47644444299311989,0.21972096259003157,28545
1.2658254570207808,7.0311425772421083,-0.54296064240659125,0.21438400341636482,5900
-2.6763807258168857,6.7370731410757445,-3.1442829458816215,0.22059574992358447,18878
1.8556130755479741,7.1207974747498888,-2.2121855544289919,0.21966866540672744,16355
-1.7787083753848765,5.4479696146119307,-4.6666226699900006,0.2147700926358061,15102
-1.2258865305930078,4.985975293332876,-4.0420288924632448,0.21430840831833786,18600
2.3803277769831404,6.9878205409844218,-3.4125551681411666,0.21765047093919951,30502
1.9348207380632771,7.0067631157613164,-0.95270763433230976,0.21566786620428377,29551
-2.2828747820122706,5.1164753638497187,-3.9382180520115342,0.21729854186957592,727
-0.78678669150977154,5.1134406421945906,-3.5055263719628149,0.21598131124725459,18678
1.5702589646824854,5.2818095954919757,-4.9821033916169934,0.21720184768144921,41464
-2.126307634090792,4.6870001476068905,-1.8028412653224519,0.21396143723030003,8493
-3.1418460883411723,5.7462298433616352,-1.3126722319890691,0.21658664324619134,35980
-0.87643125375720587,5.8815226949318742,-1.5567449568050518,0.2162018248878457,17520
-0.74274160407806544,5.6982438638974697,-1.2429799189525796,0.21791097510236257,1561
-2.2731323787423352,7.1237882907464707,-2.3938106806064487,0.21735199184050463,19547
-3.0017838641985044,5.9320840499044394,-3.3146418528130908,0.21495709778768762,23238
-3.2747545287131219,6.0090009811636218,-2.6612961172907839,0.2145135754304045,35698
3.0903415750601591,5.706468649447868,-3.568039560232783,0.21244618071316584,41017
2.0347610181665527,4.8193323657332199,-1.8148511878056874,0.21791587152964831,37689
-0.54152004673975418,5.6572975951138922,0.87660024521623703,0.22422369454102439,20584
-0.13112618246247565,4.9853070094528116,-0.30882900509630473,0.21599102054642083,24622
-2.517157903945908,6.5320298981604878,-0.6966943114649139,0.21468917551835237,19669
-1.8463047847722771,6.5246260952217767,-4.849096328786505,0.22275770630764435,35220
-0.18233856807685811,5.0201938879250978,0.034374502378678402,0.21768272681020365,24686
1.5097318964821433,6.8849161593172443,-0.037301350856127992,0.21301320678681035,5939
-3.1563237076056607,6.4311748285608568,-2.4019248455073692,0.2189597466764909,19422
1.7765021947329629,7.193896927628705,-4.1845331756621968,0.20918236733752335,32634
-0.41430422572506115,6.944800219558136,-5.1734897842082619,0.21585518402488185,35034
-2.5592917068795549,4.9389609822518272,-2.7592085237187285,0.21629353329973064,23288
1.09007211321719,5.572792202987868,-2.9191683261925099,0.21776918679942972,26197
1.7609283334035706,4.8638138827970412,-3.4137254891099942,0.21608745263633627,22496
0.88632637984066043,6.2761429623364267,0.75968773853764415,0.21743956896690875,21090
-2.5302114733971317,6.9023504817733361,-1.481195737345681,0.21534576644215878,19383
-1.1973117500715633,6.9918407055609704,-4.1052416852472904,0.22022316638988967,26665
2.4077005445386366,7.1173831635858198,-2.4561319412408853,0.21870780974236495,30103
-1.5562696527922431,5.1472011391565804,-4.770502696552243,0.21571732365426524,8305
2.3310165261933342,4.8410380852640724,-1.1316416064944961,0.22182107827032932,37450
2.7012749724479215,6.6701426027980943,-1.1365905684377164,0.2134663369755041,6135
0.70807610181432301,5.2013076068566395,-1.1378348741941637,0.21254906808766796,34681
-1.7570776321413761,4.8322743173006995,-1.0056559994561953,0.21898387684832563,24043
1.4302050565394848,6.8395109327139973,0.34325391872057509,0.21593698784042947,40355
1.5055155302612595,5.1978576201367357,-1.7182809466664364,0.21474045393890817,4602
-2.4530885144792292,5.326605325357435,-3.8028471015172354,0.21987113067550318,3708
-0.72112592844260259,5.3202999700564639,-5.2145619545006605,0.20653781163401436,14942
1.0335938228308019,6.8991463778065683,0.45585542004911139,0.21697183130976791,40372
-2.7869437788931029,6.7275692177977051,-2.0662315207893234,0.21708613728911977,19287
1.676467625892275,6.8198461712808784,0.1174798979172742,0.2066398055937973,29455
1.182996087494447,6.1316682558510038,0.65685531905463668,0.21891780160840305,2867
1.447564211851573,5.529418651997883,-5.115070258558073,0.21928095285810714,42332
-1.5603852024957277,6.930124129028556,-4.2024659787918086,0.21970785040370047,26600
-2.3499846763985062,4.7055249833531141,-2.540836145874739,0.2106523834032685,33979
-2.0497157919542608,6.6243531574496064,-0.17331311757891826,0.21714794656067476,19764
-2.2598261965720257,4.8718943874791103,-1.5577646364483435,0.21749788674507387,23680
2.3019033005012153,5.0989146975376283,-0.67324134745818542,0.22110889191245864,3025
-1.2168278196804001,7.1723934783363212,0.19828639969995981,0.2105648296429857,11818
0.13494710659564257,7.0088710170781647,-4.8815915733832504,0.22109951678629419,3540
0.57110307591618359,5.7617615870206658,-5.3015127172214171,0.20955096476572568,13854
-1.0272402974868575,6.0576937245626734,-2.3941047145161622,0.21616476465999479,27604
-0.88691277633435006,6.7338582723994618,-1.1343621283893388,0.22863741453346656,28624
-0.89158310566235721,5.7637828739239643,-2.3878492779568203,0.21730345654794872,6877
0.37084832725068961,6.0573879890909765,-5.3051049031314363,0.215541430615559,13776
-1.7488296696426939,6.9550292562335514,-3.8678152702863211,0.2096455732953047,26686
3.4025244045045109,6.0223116794865241,-2.1335094839524786,0.21402683301477474,40756
0.75519760515810752,6.4312733865485399,-5.1823213337950369,0.21606793551648945,13747
-0.26687224216911715,6.1335198592086293,-5.324536586204438,0.21740997522095418,14820
2.1971250926354582,5.4715570020608419,-4.7018272184653336,0.21861586389014295,12586
0.53091450364380977,6.4059539670286858,-1.1047783572483292,0.2132283713080306,16769
-2.0763742512607424,4.8433843929882245,-2.7586421601476303,0.21623241810215715,18391
1.7995510789726805,4.9230936870239308,-1.192838012564416,0.21753809256123874,25511
-1.0372837676501998,6.2542059712249882,-2.8780979755942706,0.21534559299900868,27643
2.1954250686758736,6.7642371820358829,-0.39809554270183251,0.22286932735308385,6084
-1.2043933916721656,5.2266224856403962,0.47787548979770172,0.21761840056332071,24504
1.6271386717589384,5.6916624021006328,0.35115703721127312,0.22038566141409649,20840
-1.206607572946315,6.755750473161962,-1.3126732530999505,0.21817517950544404,5532
2.962519775940692,5.497150979076312,-2.9888146091950007,0.21677967496887923,22082
2.0353857367230264,4.8135331088277074,-1.4332819552525358,0.21305253685096781,37671
-1.7883980376270794,5.2811495943375242,0.091795666795540673,0.22033161581224409,24372
0.45512965941173827,7.0342048763970961,-4.7801031079127467,0.2205486567778375,22903
1.6202512907312994,4.732815501048707,-3.181901105323917,0.2130278367516405,38018
1.290078271676659,5.4941748694141417,-2.3192904107077341,0.2195170951219744,25887
-2.0659811099275598,7.3089653066916345,-1.4250353581381618,0.21358683825697777,39168
0.32221499347422811,6.3884049624119177,-3.311907679702037,0.22156875361012948,5068
2.2125875143192371,7.0495911707545904,-1.4882622367456593,0.21865739927088293,6232
-1.1962546737384105,5.5356390268179316,-1.7682138941682373,0.21677048975037674,17796
-0.61169700367716495,4.9884378706544039,-5.1028428584018259,0.20679488234908167,8080
-1.5554697158604478,6.3223629080131332,0.38530380569533917,0.21641582885038982,20062
-0.32644705424867887,6.9148892400614059,-0.58400554835663976,0.21408447866507532,5850
-0.68219853610404069,4.9051232586189668,-0.49364281692317957,0.21035267927289925,24444
-2.8216259912731965,5.369229338004474,-1.6247884725124508,0.21896734228777601,23555
-1.0147111402440305,5.4678562102432551,-5.1251800050139318,0.21352701244290426,520
0.93902124627381967,5.3029235991107777,-1.3849079026730078,0.21620731079191979,4429
-2.0373491124871612,6.8893182765066809,-3.8222275514845974,0.21866220671245629,26657
-1.4033373345013731,4.9703291704910209,-0.46708750669940852,0.2166752857857667,24226
1.4351630227117156,5.2729052302862423,-1.8317103833945665,0.2182888021652879,25716
-2.9916894388135988,6.4797258746646937,-1.7206275328617071,0.21916827203987094,19260
-0.70394035865065407,5.1060924470881774,-0.97997538037139587,0.22436679936770526,1644
-2.5572997467293894,4.9682212790665412,-2.1975383209943518,0.21851859640949392,23652
0.58681924345299186,6.2199603643740646,-3.1510421678902327,0.21694295892293522,26461
1.3466307751192279,7.2117873055415922,-1.2228474017372777,0.20789399706847073,31769
0.95073257276545353,7.0930256464622188,-0.73968069068556619,0.21416508167668963,29355
0.88899704675578406,5.0133385456502548,-4.2989704443237216,0.2204488121463927,13208
2.2414438829348824,5.0688516644772852,-3.3647671117672497,0.21608023840703472,21964
-1.0353803863732323,4.8272319813373894,-0.97693723964519696,0.21614659507991213,34304
-0.93688367710354048,7.0863824034643894,0.44060304024258956,0.21265837568979987,39586
3.2029796329555702,5.8889064700448657,-1.6261661258145448,0.20991132487841951,21841
2.5150647690535139,6.8294869561883846,-1.3518056830300993,0.21462554431749042,30166
0.1445240752059746,5.0820851104437095,0.77414468359636168,0.21208916908680597,36697
-0.71493652679385167,5.6805597291318835,-3.0696740794373314,0.22309068869879961,27356
-3.011890325369035,6.5533818150551042,-2.7118892767459055,0.22062832841323265,19085
-2.5913472327437281,6.613217316929572,-0.94645680151219025,0.21520827002114332,19697
1.4667335523311014,4.8821508619238898,0.12736450431798077,0.21637951963983815,10528
1.398442610365253,6.7641741686969743,-1.7211821602468453,0.21586146511682919,16658
0.30371995803536606,5.8568059194659048,0.85115702297990259,0.2219153845376502,20454
-1.5970361730419147,5.5834836475794143,0.62203123497467649,0.21797311521547094,36501
-0.20071546880736926,6.9995342624682397,-0.069331090583645893,0.21719829937861312,28872
1.7186341576907944,4.9258773053062672,-2.6542864848101897,0.21987796595073927,4719
-2.772518266835426,6.265063871374756,-0.76508798757663199,0.21947630946674232,19591
0.51401216552129281,5.0516899869871219,-4.7431223781288141,0.21733974267509568,42528
0.44573488967705766,5.0061781900718065,0.47477583532517698,0.21711026270001701,36841
-2.6993658610144315,5.1790295513356073,-1.9454965613273922,0.22043936718724397,23471
-1.8710857593743269,6.7395915821637304,-4.7929478493168158,0.21672512457951804,35298
1.7705757644429738,4.8590579671169936,-0.14021932649291735,0.21339337859863772,37153
-1.2601855123952397,5.2833171186499541,-1.4814179984567688,0.21839761091730669,17614
0.64229205300640446,5.2355885354658982,-3.4260544947040517,0.2138661544244726,5107
-1.9362150224123429,7.0581231705867591,-3.2641700383399179,0.2115588157886476,2236
-1.2925116575739535,5.6750461601092983,-5.0238319342005351,0.21624543432480267,14982
1.4520278743337245,6.8407609336660951,-3.017113030320163,0.21673706352005817,15925
0.43225005368811142,5.0707827040363505,-5.0262052747890262,0.21452931888001986,42678
-2.9290337398474837,5.4597008780320202,-2.5490452222055042,0.21748817441305085,23782
1.5382960372850876,5.1298769739947465,-4.3869197124726744,0.2179905294486556,22454
-0.74150890992823182,5.2114189087829388,-3.1983886739720195,0.2151791725861277,6721
-1.8925172936968253,5.779138128845811,0.41311056837427429,0.21953082944925664,36628
-2.4185217565612338,6.9761364266061507,-2.6373030071419619,0.21600047059079913,18997
-0.18135156956394965,5.1989741066383868,0.88469768556338391,0.20587314549368005,36742
1.7992874233841922,6.9368192202518291,-4.3989018995408893,0.21671707972500956,32721
-2.4844660490035673,5.6840865268577412,0.013024911891095718,0.21419812387746684,36178
0.99886216038302555,7.0861778646962481,-4.8685807481200198,0.2136840472785187,41628
-1.6823735683792838,5.0262902392277082,-1.8363782141734617,0.21589424838745114,17978
0.24155054595584152,5.0149435797853972,-0.4212090483084357,0.21435056638201608,4118
0.020642155581685077,6.1679169362133388,-1.0486244076824183,0.21314011498155108,17029
-2.5537080759595745,6.0017662532999818,-0.22793200088178678,0.21935914222622371,19830
-2.0852707420274652,7.3001286737022024,-2.1505678627364775,0.21292156058735767,38994
-2.0497993402840393,6.959290954268182,-3.4868618121620365,0.21831472066552099,19185
2.9602182759648419,6.5563549657735285,-1.6885662370365264,0.21241927971578869,30090
0.76075784555192805,5.4786501303580835,-1.6097818459841036,0.21739455204756325,9129
0.84765385347597444,5.0738903553164221,-4.6638055996875867,0.2211161359484132,42514
-0.74884905017510839,4.9882741355953968,-4.4202046096194749,0.2099041008273658,14500
1.0703437153978852,5.218207150316573,0.56959816938501395,0.21756371012472234,10607
2.4948237987320208,5.4336347053725014,-4.184420215930289,0.19750781803523584,41421
-1.1908056017091615,6.3170215847165343,-2.3395364739704023,0.21189737814277937,27945
-1.3224854026990349,5.7490725902953574,0.68540550996577077,0.22074128323593381,20215
0.89520207825076203,6.9736422442987118,-0.095371409526947629,0.21163399936802987,5932
0.50347374677966761,6.369769053696186,0.82763491122851562,0.21205172443263712,2758
0.88174100576762582,5.9329611473089692,-2.2440651182272413,0.21513837721522108,9263
0.79369287987730763,6.9532179198399682,0.19255200330973724,0.2101098520368726,29294
-1.9183965218953984,4.9087463323508915,-4.3175059608990534,0.20866320354607426,8246
-1.8416070708619876,6.1572262575165793,-4.784396527150494,0.21792785830173661,15277
2.1139277027825414,7.2941038752662148,-2.4370987149305132,0.2150068206737803,32183
-2.7079685012874131,5.3310715770320778,-3.2142001611279589,0.21768003889045076,23094
0.073701819447801714,4.9933268185077004,-3.9142666725700326,0.21701962651138285,13271
-2.5290997190338609,6.6872485821348837,-3.9458998481630623,0.21844730176798174,35440
-0.54924279514947094,7.0586906683967481,0.10613485642257056,0.21797293691019926,28708
-1.099241451591827,7.1192409166423136,-0.13551611111268333,0.22073784392271636,28676
0.50789365564209055,4.9989673262236378,0.13505853108051322,0.21755420886968721,24866
-2.2371730463240018,6.7769769861266038,-4.089057597493805,0.21953952576265667,26811
1.5497026448896165,4.9180246622810628,-0.59295818763456054,0.21920086688308069,25634
1.3401108105717512,5.4600385230816144,0.47074356107820803,0.21780113484892616,20757
3.0764607656581116,5.8238643442261155,-1.3922568814817982,0.22028221966734504,21693
1.7329843677238952,7.1444533998625381,-1.8209480512914968,0.21967537761309794,7792
3.1589266026352338,5.6869523480834214,-3.1468033080133315,0.21557499140676545,41140
-1.2636422003413086,5.3408209379247893,-2.6765618701080327,0.21576243461006211,1926
2.0366013483220615,4.69869010828989,-2.5617605074694572,0.21328368106254869,37862
-2.062889182638171,5.896792146027054,-4.5523357948751109,0.22048847277819858,15213
-0.013536763632177123,5.0277947668720548,-0.94214578377287928,0.21107381509561601,8863
-0.49062973956060252,5.8484641454298112,-1.1391446124035594,0.21606396651921636,1569
-1.2228425551705009,6.3803766562058843,-5.1299169610091759,0.21932831217125895,15013
-0.16457456499922318,5.6309594461273589,-1.0084961612565411,0.21404258761143871,17087
0.39871735231813421,6.4125875017003144,-5.2724484158964477,0.21505469329721974,13704
1.0787308004691789,6.5391493972636061,0.73337715591513963,0.21879144387675234,40267
-0.50993871340695951,7.0287454526885798,-3.4705323253089295,0.21654919964066047,11171
2.2415699595762595,6.6890604664266249,-0.1228480616621815,0.21965495672972132,12273
1.6656609642816205,6.2104226512222791,0.45771192768779728,0.21052272305502973,2885
2.5646632657036652,6.918433281445032,-2.0113638789512156,0.21612356147081735,6160
1.1378270750150439,7.1061247763752453,-4.4821723069128918,0.2173197266662962,41819
1.3938741706430227,6.6444265721369424,-2.4821903713543318,0.21529208303889114,16136
-0.82595941532478478,5.5797987880394748,-2.7497432329049971,0.21631522528584513,6908
2.8148531999999999,6.4023447000000004,-0.42242829999999998,0.20681386076314676,12191
-1.7311604117380024,7.2653420775688451,-2.7398870527560328,0.20998241563238371,38761
-3.0736082690215354,5.6241980857193408,-2.2755472484445032,0.21757895072680092,23567
-0.84993514296939909,7.0260969338283283,-3.9751936831197949,0.22185988001762422,13605
-2.6436540903589778,5.4529108008716713,-3.5468189670914607,0.21890779859374904,23113
3.1404107054829198,5.6403905405318051,-2.7552366659437277,0.22043933688849029,3314
0.32221875082121226,6.9904043873351851,-5.1640464617653254,0.2123714534077536,41645
2.7637176272565092,5.2420609968369991,-2.3132463530662966,0.22024910657160959,3106
0.20176062829425104,4.9902487402868427,-3.5598720763369029,0.20472844632111392,12972
3.0838071274175594,6.4287156606629114,-1.3092041802630809,0.2112846947706559,40949
-0.0350600753035459,5.0052613050233665,-4.2654287348083546,0.21800110788244087,14689
0.018734493708018191,6.8646766910013213,-1.0323593619826896,0.21247318260605658,7325
0.51399622259246291,6.8311101154179656,-3.4890427938327413,0.21626897641310094,22995
-0.35325347278103886,5.4648624621512205,-5.3050429011853035,0.21099505862472265,14933
1.647628115599362,7.1482525969192023,-1.0945060486823193,0.21495952426739254,29742
-0.96260074811227003,5.8095523588221649,-5.1742153743210038,0.21812892360257341,14806
-2.3632976963024315,5.0386537575227726,-1.3456786844258106,0.21679966267404616,24178
2.9921300254749004,5.4982304342199741,-2.1303352569610641,0.22127598456822564,3128
-0.27945945370541025,7.0499701024366654,0.30243510922322669,0.21664674577852969,29043
-3.1349566886491744,6.1374334782571189,-3.2649389991711724,0.21095761049441664,35680
0.54835512606915982,6.0659032681527814,-1.1744615052136789,0.21727242351582757,1320
-0.28253810566591292,5.0587461783932257,0.31299862448374632,0.21664926636295492,24726
0.83503293410952395,6.1535857090500823,-2.5595684704390047,0.21321028752676402,9399
-0.57199532730985481,6.3105088801211044,-5.2947018176623892,0.21745712919742413,14894
2.5590132474503,6.2761938158246862,-0.17712580345103107,0.21961898384173967,40562
2.3158093754434863,7.221531744936919,-2.7940609758276751,0.21965862167975492,32266
-0.86106847029522038,4.9582958678563767,-4.8805695302094803,0.21431489370486706,33020
-2.2135003951980221,5.656851632431616,-4.3219259288134237,0.2203204137500599,673
2.0557942061256087,5.9939736646878501,-4.6416426174245098,0.22203221591896227,6464
2.6535208782974267,5.2385813192341431,-2.9739856200599375,0.21438837847324432,22008
-0.90178401065060998,7.0925595798861192,-3.5875818011913934,0.22263823124637255,11339
2.4799352621449779,6.7616600753877849,-0.95673788753154343,0.21736058289391189,29647
1.9026620441762161,6.9112140241656075,-0.58629382904357841,0.21637244969929351,29643
1.6228655365524158,7.0028078737105686,-3.2587645971506785,0.21628407762409543,16070
0.59569422705815489,6.064581889379685,0.80933967881398072,0.21932525717481494,2783
0.29182274214948295,6.990118753893813,-0.53454456061793709,0.21864193104692312,5760
-1.245349412142668,5.1449282323885503,0.14646821507951194,0.21870919565087796,4023
-0.27816018242664392,6.763584918357755,-3.4320165532328977,0.21867896405166592,11245
1.0326992757652449,4.811535634939589,-3.5467267156591276,0.20608750222149472,38206
-3.3037223024555229,6.3042677096003699,-2.7378623088343916,0.2176426730452756,35718
1.9888217243718034,6.3445951403918812,0.30627595684942277,0.21708640300285514,40297
2.965909060279996,6.2063272637173927,-3.3691062849403806,0.21772349260766721,30464
-2.6863507977365004,6.6796978859381362,-1.3152342818509872,0.21660747718995255,19487
0.31710058600957508,5.3958887585276951,-5.3459327293173322,0.2116155321651926,13159
2.6137713630088486,5.7921410562179059,-0.55266085410136745,0.22188329389166397,2998
1.8121052394522346,7.1592536513496636,-3.5287874536026318,0.2175466605327343,15682
0.87382902545221097,5.2199473855421514,-5.2686545131476832,0.20862487781476888,42154
-0.41242328536752115,5.0036406296359397,-4.3494893853005037,0.21711788397567552,14455
-2.2980009345080767,5.3496511727215097,-0.37930867124665918,0.21509887136054986,24010
1.2376772793919646,5.2803222874484153,-1.5266999023098795,0.21717412522970869,25368
1.9472690316557257,5.2584153206934259,-4.4222564933487085,0.21751636490192847,22480
2.1317696849523857,4.7905179415363026,-0.75255552886931298,0.21387626079562863,37322
-1.3394250574107092,6.5294966010143485,-2.26918200579733,0.21866081668540296,27801
-2.3648533532262244,6.753067046174511,-0.72754939453910794,0.2133972841560236,19748
-2.6826943072987515,6.7996609346981494,-2.5962757279628335,0.21802851697738324,19101
0.79766854506657803,4.9624526359083045,0.34812016117065014,0.20898316199810163,37101
0.40787424727144456,6.9836205917635228,0.20824025374666114,0.21276852287849099,28886
2.6886261827987354,6.7655052872304724,-1.6486307652257839,0.21301013110274578,6188
2.6694506648287701,5.1798089706831343,-1.5888229287907314,0.22099666115389904,21551
-0.80025822678882308,4.9947327783786566,-0.17585767858106185,0.21672879580794613,24289
-0.32565358679135292,6.9911623242274867,-4.4669684109996091,0.22778511337307047,13393
0.2841345182287181,6.6339005676113976,0.8331110362177746,0.21976428276719143,2793
0.88931350686369048,5.8285470600934284,-5.23214835390666,0.21589552507181589,13859
2.547225240881728,4.9871907877165231,-1.841148393287882,0.21988576220503422,21747
-3.3790015295720699,6.0573636557856947,-1.9744447003785861,0.21529291690329005,35854
2.3361962102601876,5.0302878128115784,-3.0687693706722281,0.21464235743296142,21950
-0.51396964205584073,6.5821607827084723,-1.3484468668857919,0.21314083054118563,7194
2.786221881384495,5.3998130809792757,-3.2593294562255117,0.21142160966115178,22060
-0.66627046025019432,5.605394201270081,-5.2478581000718671,0.21357887960686134,528
-2.0692954533087695,5.9997695201919941,0.19754516717767701,0.21441962640966425,20351
-1.7065426433550703,7.0352382095087611,-0.099595550975955752,0.21256437701580522,11848
2.6375205021247137,5.1324269793502761,-2.4887986539454507,0.21801335733140575,21781
-2.3039528614383475,6.2757459084009311,-0.17863597712544155,0.21780151393174199,19651
-0.56730558637179507,4.9871196320786622,-4.6356645386770889,0.2172066261607338,14525
-1.9922464193088378,7.1735314566055477,-0.6169807033811836,0.21914114517903902,39265
-0.98271172421764785,5.8258383153403495,-1.8324032355391011,0.21649816579914014,1737
-1.5522081389449114,6.8009762037775126,-2.122763334982039,0.22085760178477473,27860
0.58865114388226569,5.0457824373165083,-0.52724373432078597,0.21577675867254581,24990
1.1388810179350322,6.284299313831033,-1.9345477891685332,0.21547291727012968,16280
2.0397070185656778,7.2969293989280528,-2.0365933840337171,0.2123605144448947,32039
1.3079324938697505,5.418527075186919,-2.0205736580221649,0.21439897591330367,25699
-1.1730809671573172,6.838118998706765,0.41212874599798388,0.219602889547798,20293
-0.34799175838208601,6.8496107026813755,-0.842584205168455,0.22164325954950811,28593
-0.040169431786811316,5.4789544251849591,-3.4310569917724494,0.22000863392151288,14252
2.8288183088707726,5.3435741888123536,-2.7158522466991659,0.21820554466372188,22006
-0.60736044589725546,6.7058745843744045,-3.3575576639532057,0.22091818650518044,371
0.024893065160796143,5.5724444084061444,-5.3414469669769682,0.21413120780347336,245
-0.74901053926174144,5.8952455132500559,0.81025535051490261,0.2222940973305215,20732
2.5307822470101802,5.3853281571471783,-3.9124723371984933,0.21700552457115951,22194
0.54789839775481508,5.32501923017964,-1.3287037467494163,0.21626798716011067,8992
-1.5506404942081582,5.5336969226286374,-4.85401380524738,0.21628735848974712,15464
0.57930007148024498,5.6878344581993678,-1.293333283741356,0.22315144377371748,16942
0.96104903051994139,6.0038344643778787,-1.8971634818813983,0.21425335597862927,16433
-1.8285657475740662,7.2573459504994497,-0.7910785809417854,0.21523786142135223,39384
2.509519504081779,5.5637505869091877,-4.4346311837354779,0.21520005265172407,41346
1.0450138953737977,5.7971120298042607,-2.4598349394544634,0.21919915776978671,4682
0.96124352061986462,4.9253914748691825,-3.9212466769507288,0.21781460045837547,22542
-1.3698752928710047,5.1916507170535038,-2.9853095703025159,0.21457418819761206,1932
-0.51779584492440245,5.0603294287565221,-3.6908248236260368,0.21719304011645271,14578
-0.42019568415550856,4.9168765286905352,-0.54627103222869733,0.2159393944365039,24787
0.3641288246079345,6.7453992539482597,-3.2666374078547249,0.21552777992368977,12836
-0.2601805165400139,6.7270834661501775,0.77295852530799414,0.22372752529519963,2799
1.9947163039067648,4.853557892472673,-3.1467482745408661,0.21558050712182653,3282
0.13786881692136471,6.9984130183731974,-4.5122111864198731,0.22502125815749899,22731
0.80448806441433485,6.0395172491138771,-2.9591914776553176,0.21961541022923989,26294
-0.74928532090844735,6.9449784318347891,-4.9186912954798983,0.22343934766070389,13552
2.064192292685918,6.4471244397964975,-4.4087433622443699,0.20734050076968089,6430
2.4739040560703947,6.9965454296749439,-3.0516859673927215,0.21846549043456767,30512
-3.2193128312101531,6.2480156492816281,-1.7240748441706526,0.21516887541363344,10091
-3.3753021277352806,6.1843359953695618,-2.3543195188599131,0.2156427047529941,35871
-1.2278378786830202,5.41311960797269,0.77319267880671971,0.21774376326308525,36484
-0.29708614189006244,5.7635775401818163,-5.319283153056908,0.21832241215394221,525
-1.3102405703124362,6.9305829187894421,-4.4701555919783509,0.2199535976168632,26926
-2.5634411868697033,5.6639420014976558,-3.8747387544519523,0.2188018068036858,3704
1.6160173958492827,6.9336614933656788,-1.9429350004962758,0.21818223603394551,16163
-3.3255855206277656,5.9689230321124569,-1.5865155783082121,0.21736346253574748,35862
-2.1056903272710921,5.4327079877440854,0.15408828404246247,0.21703485647130763,10366
-1.0712990168246643,6.3873840498890031,0.60288625860758216,0.213961237223802,20107
-2.5092163941837082,5.2570584340371189,-1.0408465236622524,0.21598940503688602,23914
0.31349194372974115,4.9913656863240048,-4.1725569157060534,0.21924344339273655,13204
-0.33931941794600912,5.261883971129067,-0.95702605779996486,0.21907312025049788,1523
1.3174534811096406,7.125515086576673,-0.87278095701383229,0.21434400378454713,29761
-2.2091541641126589,7.0416212520906409,-0.84993344491356548,0.21753081035445124,19921
-1.6877843890429383,6.9572983976457374,-1.9944475361626386,0.22214496229355693,27893
1.2413883166007429,5.0362234812975366,-0.75912419110749174,0.21800697062782234,4318
1.2510474930992332,5.837848621981685,-5.121760377775697,0.21785060781113538,13904
0.57927668368301743,6.5600734673383307,-3.0477393963740127,0.21262069593151328,9517
0.67167566881318852,6.8927474461154006,-3.7309117176478521,0.21683795180273285,23009
-0.36131279689598839,6.002377043058825,-3.3666668415643644,0.2212493179113138,14136
0.10735387516124091,5.7940580141477014,-1.0385085256413731,0.21517445402388394,17103
-1.2803858547077076,6.8960622654979833,-1.0530362882096809,0.2233415802076972,28139
-1.1325559587278848,6.5773918677075578,-2.95854330979195,0.21767835428884566,27652
-1.6329893671273743,4.7095771319474702,-1.2634792707690785,0.21363079219961389,34051
1.5613213787062676,6.9469474641907203,-0.38470407904216369,0.21434129207865601,29488
0.33102055657221779,5.6787527047283488,-5.332553439041761,0.214239427351297,13874
-0.49476755753297941,6.2127464535057442,-1.2720453618725183,0.21525241792970717,1614
2.3498429755296426,4.8617364409049628,-2.4798467345842998,0.21718773629976867,22109
-0.94492686136260784,6.9777618435624786,-4.3679305423974775,0.2214130794592292,34
0.98171367106314877,5.8651222138090153,-2.7423090301274375,0.21971418976123744,4619
-0.065278401956534671,4.9673826450915222,-0.62151855338152662,0.21040809118922449,24806
0.01283340930975496,5.7005728427075564,0.88216184433396461,0.22194935665292387,20380
-1.7396079576416381,4.8765286403884351,-4.0593832219719941,0.2109206090983583,33298
-1.8169510148342067,5.019351669369188,-2.5797238291694788,0.21439551585014066,2017
-2.3412609618576865,7.1278080479448214,-1.6310138216715702,0.21752628111135255,19521
-2.1973960430926414,4.7708846061479209,-3.5276053495900985,0.20620241171444018,33444
-0.98275352402219873,5.6727756711726203,0.80238625849454093,0.22071634056325182,2644
0.29798377152629518,5.694562517803023,-3.4211451353817779,0.21960281016324562,27046
0.33847413238533713,5.9242637540703544,-1.0959746704414781,0.21711217685128031,16976
3.2235766947318591,5.7378152820937451,-2.3488478853914554,0.22202915679803403,21817
-3.2181363832360197,6.0865005351110764,-2.9950309826848205,0.21387324530023172,35693
0.81342856052192514,5.1212604406601452,-5.0220742652510086,0.21175474668158428,42236
-0.24278935219248363,5.0220742637919349,-5.1862223768915863,0.20087205613640546,8076
-0.85608814653334364,6.3450290772260658,-3.1459299870467654,0.21873928749750365,5160
2.848026124135234,5.6445704317108918,-1.1251450541265142,0.22164728458588664,21414
1.3356123303374383,6.7385395407519226,-4.8549607315408192,0.21831326046223198,13953
2.4957350369313178,5.4343332959231123,-0.68389683907015764,0.22129764258788662,21216
-1.7506346939219783,5.0613248986687331,-2.2361520906846217,0.21600223099981772,1843
-1.5406232123393451,6.9289412943287534,-1.3879827545458912,0.22065941179790236,28199
-1.8196125823766165,5.7758073707898197,-4.7153778318359674,0.21896889160853467,15174
-1.7701588597481284,7.071871805596202,-1.5713386743184603,0.221759495461548,5493
2.8550265380565745,6.6094436068308635,-1.4126740697485709,0.21135915402740826,30064
-1.339006509224365,5.1073196226771209,-3.3182177483280091,0.21388578155151047,18558
1.9701438660699977,5.1668024849568823,-0.14438954110065086,0.21796650099022077,21343
1.8684483783718211,7.0862932813872312,-2.603093144442405,0.21576030974110944,16015
0.027340740144181346,6.9373719011915842,-0.74566087690862826,0.21813898378208837,28978
-2.1146363355954874,4.8826679143611074,-4.0318611919782255,0.21424331756074289,33248
1.1453191709231132,4.9368288345455031,0.38405652525920231,0.21764591887927903,37006
-2.7169436698071161,5.6936423267186669,-0.26192169687801242,0.21256592091074947,36147
-1.4831642115605079,7.2134403046769062,-0.061058424115015442,0.21311630526445149,39613
-1.040197349481095,6.4567683550760382,-1.7128651651433127,0.2241736756989258,28264
-2.159642095451503,6.8466050783506427,-0.50696309833590381,0.2162155568749155,19788
1.9661065067136601,5.7341179322204692,0.11639601241889225,0.22013732009523096,2910
1.6017764526803244,5.052096763255939,-4.0543462233200369,0.21887029632565688,3359
-2.2918461087555859,6.5421077687126417,-0.3868175734941432,0.21556867363779239,19724
-1.5185968571367139,6.6437650178121421,0.27225711085428667,0.21688311639351482,20127
0.45272385545675309,6.9121091230671885,0.7861500621699653,0.208116571392817,39898
-1.649228078268874,4.8971813318126909,-4.5444326181110384,0.20632988182626461,33184
0.69411264458915178,5.482485969992549,-5.3092134824077197,0.21363518768492065,14021
2.4864558631589575,6.6735143428431201,-0.55980781137145874,0.22373074243991778,29698
1.2195915399136237,5.2554807227118951,-5.1703659577697181,0.21128936630670234,42122
0.96317026886058288,6.5862562620688365,-2.941253025887371,0.21761679195542213,15792
-2.7946083423180288,5.4849376021273608,-1.0230218859903655,0.21728462303745164,24153
1.040959873391019,6.9876006658850933,-1.1831520795025467,0.21781522006851076,7666
-2.4131057561965785,6.3547291120104532,-4.3913548947210073,0.22088194453546026,35396
1.5319014333580947,5.0900106288892424,-1.3474071361567133,0.21888879687482016,25439
1.4709246215790146,7.0224506719042239,-1.5504281554835095,0.21816640867274587,16639
-0.77758077160596328,7.0250598827303818,-0.23176892381042999,0.21952110419703344,5683
0.068711626539638498,6.9442417671360719,0.77824611007322797,0.21023069359692048,11934
-2.0343336730384087,4.8709826195019357,-1.2103792143161884,0.21882206337591417,24027
2.2127537956933994,5.2704199158383931,-4.0763192668169914,0.21763990993306559,22458
1.6493613477155438,7.1536223516040973,-3.8944131379417053,0.21521726439146863,32803
0.23813696962913949,6.9718333517797184,-4.1140814250600766,0.22036714223208165,22797
3.0291425916583363,5.9460202782978122,-1.091794574375393,0.22148911831592746,21854
-0.28814293854750123,5.0181120202218326,-3.9977900544310163,0.21748441681148736,14375
-1.4646338500967855,4.9700220805986941,-3.8559357346331349,0.21654343238970017,2103
-2.9461863346339263,6.1139146711678229,-3.6047847981792955,0.21456992719979529,23369
2.4921096238649274,6.1564363091646568,-4.1437206126910064,0.21870094238063234,30947
1.3337864180588368,7.0340773765770921,-3.8519239603377606,0.21079124865666898,15529
3.2685539983056837,6.2849599759023391,-1.9300947296744977,0.21142208913228983,40926
-2.0622520243487741,6.7766973761028275,-4.434141978786271,0.22009185611419285,9835
2.947132136003102,5.7383628255216808,-3.8850528469802077,0.20703597359833453,12463
-1.8197447659856494,4.7871356786123442,-1.6422607341846158,0.21766420739101053,33897
0.73284674345067713,6.7620695702179292,-1.1068187480494676,0.21883028869096074,16901
3.1547229573912023,6.2486063101279452,-1.020055751452831,0.21186957722709113,40605
-1.4765673618735493,6.7769210384199319,-2.5016204420973951,0.21884739670194511,5297
-1.5069163526235358,6.6291888051034968,-5.0329817527924474,0.22079879600370927,35125
1.8477246023803537,5.4520999062967261,0.10790852903503478,0.2191549794050712,21014
1.5418704482182244,7.1488236997412358,-4.4828860617452078,0.20709791831323093,7969
2.2891361581639296,5.7168549701592006,-4.5897684191777905,0.21439774884481705,41508
-2.3917479882135182,4.8003187611071478,-3.2653857057318718,0.21140983727544221,33524
-0.45634090105989977,5.1720509645925716,-5.2695018620450904,0.202147343827835,32967
2.1926619966334777,4.845335682424305,-2.8184556008603954,0.21646853182754439,22122
-1.588712837067646,7.1293212718257744,-3.3413978802481434,0.21815881183603633,4965
1.3853129734854186,6.3870597935688807,0.61811444619030464,0.21901251896878254,21065
1.7301562127771211,6.5390676260166103,0.4940260417525415,0.21192448258593707,40134
1.7829895179722506,4.9699391709078613,-2.3709569666185817,0.21962374563978876,25908
1.4684843067318156,6.6986934974581782,-2.1221162628661312,0.21453478743668589,16241
-2.2493161049580368,4.6864774525488491,-2.1661539761276085,0.21159090138264922,8475
-0.84029906813987609,7.1168871480777982,0.1467371580504126,0.21860077506960118,39767
0.28010205866422283,6.0480777903413721,-3.3806997441837425,0.21938705043367768,26995
0.36310150783627437,5.4713033090989889,0.83970706747748469,0.22160495619052786,20614
0.93292456978625082,6.8246380036585181,-3.4654585463092737,0.21635051743682948,15645
0.99980918719632816,5.5562016305692223,0.65331987242162071,0.21781524296841145,20778
-0.23518744578440726,5.585069211400894,-3.384053129891567,0.20809490622371521,14090
-1.1728740514753015,5.0140225301269545,-0.23457695357356048,0.21648439935350172,24271
-0.29055478941880802,7.0310151119947104,0.6804524178667527,0.2076522562072978,39882
3.36677399169736,5.892839624521895,-2.5457658844824613,0.21997675684993873,40888
1.2801341538272804,5.7672561130563871,0.56110104309641251,0.21842758688168137,2845
0.67563217381788576,7.0384871459703433,-5.0377162783262923,0.21548400053789646,41637
0.44963546337198756,4.938491462537864,-3.8215805718342075,0.21541788391342992,42039
0.45898339978387082,5.1082585597958658,0.77626277836143609,0.21581331567244225,36776
-0.55051273580711058,5.2135640689284859,0.85207208274817658,0.20724512268592288,36711
-0.64814859064017283,5.3682107311893468,-3.0801851659850552,0.21577691014982417,6673
-2.4270968503163948,6.6410107560296963,-4.3499869509923483,0.21153776303229929,35333
1.0842566296835967,6.9287483372499858,-3.7006862447278683,0.21420371334386529,15607
-1.5441104027365471,5.3589251634325468,0.57029097638703785,0.21592908564147814,36405
0.31630596051926152,5.3339241183591666,-3.4641326608442822,0.21808155389468989,5099
2.1213114055407565,5.4989209289104277,-0.13574118778474387,0.21884020131701909,21166
0.14561999057441677,5.0330703435217643,-4.8948711409516124,0.21327051527930455,42661
3.332439190870542,6.1436442412725976,-2.4398248495324739,0.21177144757546731,40906
0.24991760981887176,6.3178938507410143,-1.0516224744500986,0.21667962248700648,1499
-0.065407693502319869,6.9624177762561814,-0.38295500641600766,0.21724117152076128,28794
-0.97279594836147765,6.8761573781510581,-0.840037867122159,0.22405386573278724,28476
-2.9244641325502108,6.448756157710771,-1.3987927459538438,0.21870062352832972,19271
-0.6004754098293017,7.0027905277457485,-4.2145631223429767,0.22433483928991715,13442
1.5005534380900785,4.8815414601641089,-0.25755023575825725,0.22020507644716056,37137
-1.3778286886597977,6.883267127643343,-4.7776039181876815,0.21175819802976387,35150
-0.046253279060498441,5.1928092521981162,-3.4407673136740393,0.21544806296391758,31124
1.8066134400655225,6.6251812357271271,-4.5530260148779433,0.21524998675889637,30697
-1.6004035152089604,7.0620293326729353,-1.0632953869767052,0.22242084715258142,5568
-2.0088214602780337,5.1661192735148287,-0.48870440372776436,0.21678211735228209,23944
2.5167883874539245,5.08923119896322,-1.2044468715566863,0.2203983698013037,21390
2.1173752417038147,7.2506973462110409,-3.521814450746878,0.21099329883524939,32333
-0.34295416316133476,6.3890208796300705,-3.3980661765968883,0.22170550312864931,14184
-1.4438960369894145,5.2044019540195023,-1.6774841505610307,0.21426823402827308,17778
-1.142618920253345,6.7102400344497344,-5.1733908015745298,0.21805805301173831,9609
3.1767553972399662,6.3516018907894312,-2.2104382001687006,0.2129944571907425,30219
-1.0871570946149431,5.6650252978169506,-2.1290502060132348,0.21672026890041154,17993
2.6541864458657938,6.8636967730068106,-2.3586374110736155,0.21755322818694395,6157
-3.156319568864459,6.2050278204179925,-1.4251870454069497,0.21809089484809818,36023
-0.38633739418472568,5.4307733301440138,-3.3120618873623742,0.22169475741383429,31074
2.5820218043467813,6.5638739717276131,-0.2711468702603495,0.22088742150121382,12224
-0.8948929643018162,5.0470335538252433,-3.8314470985348237,0.21640501448686164,18814
-3.2203299193358519,5.958633012893344,-1.1817281380332887,0.21682321464948565,36002
0.94428106588582805,5.363013815896184,-3.2287788771168269,0.2177095407199609,4788
-0.92724964035108903,6.6061407098717098,-1.3916552792257448,0.22903723272903859,28249
0.19005350868081486,5.0174348348924758,-4.5564770165269275,0.21691617367490085,42504
-2.5508830413507892,6.2782333154318239,-0.46477642278332065,0.21584422454855259,19638
2.4477365472898978,5.9763052146343583,-0.22516237714361212,0.22332773018337346,3006
-2.3713442902181443,7.0974738688186205,-2.0228007832779311,0.21603208337424312,19532
-0.15768325326774474,5.0065513170841376,-4.6305191995195205,0.21573986856678184,433
2.2380334795655736,6.9342885168666735,-1.1463795427431986,0.21612674655044561,29575
-0.31485614456057626,5.8862297681958582,0.86741580365429727,0.2207128374968734,2703
-0.30151821182688626,6.7387060696629968,-1.1580291917595416,0.2130764501393021,7259
1.2341169345980822,5.0158786355377645,-4.1699797770262581,0.2189939552619912,22380
-0.97456880738455531,4.991992788414354,-4.2106119930715646,0.21370950269965283,14612
-1.2625384116814728,4.9375299053519717,-4.4439118139462384,0.21345344547815423,2162
-2.6087553079691688,6.1884304924977087,-4.1232131314019433,0.21789258659042315,741
-0.23503644761427203,6.3972509645778945,-1.1464184897886165,0.21808340462959253,1481
-1.7214745527435331,7.2522805844779299,-0.39258224206244213,0.21419332940168442,39458
-0.35892591958965908,4.9203940402829529,-0.85890171027750994,0.2132535692481545,8955
2.3778490281841469,7.1014585057417818,-2.1399195174759864,0.21728959552261123,6220
1.2684940633650192,6.4202876669904718,-4.9808826360285021,0.21452309360216892,13968
-2.0984842010021341,6.277062374732262,-4.6304230395092274,0.22208832872651654,748
0.046049077276702953,5.945497073305642,-5.3340908598275414,0.21787704707875319,14056
1.7118474892268019,5.1153178987847809,0.096063748470745128,0.21621122164818138,37174
-1.1163938811170373,4.8260020073597421,-0.70957480777329318,0.21652453853388953,34494
-2.7239171806722409,6.0124192003120074,-3.8752126684900934,0.21668454705526,23385
1.600395125588429,5.7611892047015072,-4.9959863476041448,0.22089408140125324,30997
-1.8386056817846343,6.155206328894069,0.28108366553682257,0.21436404979302942,2573
-1.9221191994167126,4.8633691959012664,-2.0182011991579878,0.21633844918066375,18065
0.56411768690116226,5.0110014058207772,-0.19206251110878741,0.21688003841046011,4344
-1.9987350495706757,5.0238730309284554,-0.83074424760501409,0.21681361097164334,3859
2.1877325874878069,4.6959027753812421,-2.2008321057698801,0.21475845589007772,10798
1.0559750222432365,6.4201476858232622,-2.5913764358888045,0.2169135125642567,16112
2.047074814001113,6.9745349504894918,-4.0727887396229958,0.2155486272884973,32704
-1.033407733840191,5.5922528521202484,-1.4942541366811855,0.21582124668669067,17567
1.2347777998841718,5.2927468782557918,-2.9834417579732344,0.21791156609963913,4705
-1.2517829495724486,6.5176984471439789,0.48001550041892238,0.21960387996337571,2614
-2.6926121126330873,6.5151599450787536,-4.125382228724586,0.21442348620221105,9821
-2.084669370237922,6.3108175097067951,0.0070565938285776638,0.21629135759070792,2524
2.0838459808980865,6.5710223273247275,0.29053581018468727,0.21062356758330048,40314
-2.5429729860165478,5.3841244502504164,-0.72459560871886097,0.21411310455431617,23990
-0.035506096930176673,6.9692692820817719,-5.192977657208619,0.21378025774214796,41765
1.9916102180815438,4.8106637294086223,-2.1925407786779205,0.21898006980712195,10837
-0.92042837981131154,6.1633925676943848,-5.2125896898761273,0.21933215289235949,566
2.0202198905322462,5.0129703256100733,-3.5254769436723192,0.21727925852474331,22165
2.7534622870437637,5.5905005752422809,-4.126639448884819,0.21287123465400817,41547
-2.0746248654696919,4.8336340323877085,-3.1486952520936771,0.21506376471604766,18409
-2.4472233251642339,6.9037878878918422,-2.929902039006353,0.21813220687628623,2221
-0.93028495572473091,6.7070351532699641,-3.2004663832615101,0.22280904755089734,5184
-3.2151908219847369,5.7852027304419726,-1.9290361849578597,0.21912487416985035,23747
2.8206198159903533,6.665993133816829,-2.6496583104181446,0.21674103135484743,30550
2.3716766369523272,5.0517757217339776,-0.87192598656638909,0.22360683522320088,21373
2.7113955348211869,6.4925978554674009,-3.4607346746751526,0.21870614174301872,30385
-2.204404268771281,5.6293135880715006,0.26099310037188866,0.21343343731000505,36642
-1.8296204995621264,4.884456902339144,-3.7227426440151006,0.21552972370749221,2150
0.49494672862399663,6.7346376293411359,-5.2168858800265596,0.21446614958540361,41733
-1.4815852790275339,5.1249535372703825,-0.094111412386517032,0.21705536114096602,24306
-1.4533405082570754,7.0133823944969906,-3.8382398324597746,0.21951645500127287,26711
1.8292779104117751,4.7133706615050519,-2.8821777197933489,0.21415638240536156,37874
0.61914460966757745,5.111590636595313,-0.86962709306128028,0.21737172915525058,25187
-2.039711324941905,4.8080161810978339,-3.8075340502332931,0.20926272550873484,33324
-2.9703562349265487,6.5623858526370977,-2.064226742262961,0.21808325761169239,2318
3.3354778881377332,5.8933256971868211,-2.929854413464303,0.21353400499262054,12441
-0.910841379935456,5.3821609298310733,-2.8502511301423654,0.21492646227351084,6901
2.2900090979873506,6.7258603499585092,-3.9365663671525533,0.21541007133318707,30924
1.4060023405347266,4.8234777005118215,-3.5379640087671484,0.21828511662093733,11118
-2.8189025137829766,5.2894137218464561,-2.2708368008287745,0.21997204035662077,3736
1.4386651515809372,5.217290574708799,-2.7334664883412851,0.21985060790585448,26100
-2.8801189601922461,6.3518624447550067,-3.8622303362295942,0.21531401072035158,9868
-1.9355761396462363,4.7073505134172571,-1.4459642960591705,0.2157636451638078,34261
1.5682642486508698,5.2110183955389529,-2.1546023878576639,0.22096238641938284,25770
0.13409923751038921,5.0247199436745431,0.2383967520689019,0.21762246888440737,24744
2.0594335794601935,4.9515233135014523,-0.40375342655328633,0.21873199552331354,37363
2.934094929106382,5.5370787122752985,-3.4005721909157867,0.21661462681624152,3307
3.0559338788507002,5.6455206529056374,-1.7647157290990489,0.22019921585058133,21669
-0.64866396940391724,6.9743337680955202,-4.6099510644384569,0.22445232435169019,13369
-2.0387770224505219,5.5251561203402408,-4.4533322926683816,0.22041867066178178,659
1.5032036302442946,4.9595964138195336,-2.957679400834071,0.21959627078907515,26226
2.2656712170071334,5.836041601271762,-0.11163805506421544,0.21981191113526199,21270
-1.040733702527598,6.022379054004686,0.70891775817695879,0.22093445219129759,2583
-0.10909203600207917,6.9929736324145084,-4.7456666505745027,0.23156622277718966,127
-1.9117610782319638,4.8891711884875857,-3.4046395246653685,0.21730636463387146,18416
-1.0560671349504973,5.5228659011534305,-2.5124240437077754,0.21418681984430568,6888
-1.3147012729167211,6.5614405208117192,-1.9521541815576349,0.22184046949458353,27762
-1.676850167352143,7.0366081837931764,-2.4269525516957571,0.22152885453413584,27702
-2.5662474334947611,6.9155824561161898,-2.2587727166408547,0.21708877828413656,2352
1.9210322151096684,5.3257707901971418,-4.7261567840019767,0.21788272914076295,12552
1.1803138162300915,6.9107770275459535,0.15620606948588392,0.2118677540264011,5954
-2.8069279911501837,5.9966462665794547,-0.51687133472227653,0.22114286392146629,36329
1.959996836860515,7.1213541152968087,-1.314490240071039,0.21700910777083826,29728
1.8073727915893136,4.8694224164283524,-0.87864765417483204,0.21796020839071314,25610
-1.7785467348703374,6.7740474518611844,-0.0033844859298141758,0.21582171552421725,2676
-1.2705195320161815,6.0302887228792077,-5.0760410112256702,0.22015230828325455,14849
2.0088444554073894,6.7337536844300248,0.068961688529673604,0.21607539558078501,40334
-0.16451089623461712,6.9963217826138235,-3.6456229619176921,0.22340226190075232,11136
1.0714798280257609,5.4560563799435586,-1.7515977565661349,0.21559148562693459,25551
2.4851552770797185,4.9337074378392911,-2.1823168214901973,0.22106071767746679,21766
-0.59643750355390279,7.1067777586223606,0.4921211641689785,0.21166967592912272,40098
1.9764612414106288,5.1120357018934781,-3.870257178633969,0.21861482036242999,22386
0.56300292936500673,7.0018057483292804,-0.32209136272652256,0.21399793732167402,29392
-0.28671642172329936,5.4868341196935315,0.90512512549289237,0.22476454904722393,36910
1.7961955681556463,4.9830420015615795,-1.585144260082048,0.21706814063350399,25959
-1.3450317146611475,4.9221896660653686,-4.7495230967926219,0.20709406872602273,33411
-0.95063438913487597,5.1624187763735971,-5.117468500633338,0.21084039291555368,32980
2.9903207059633754,6.4170424224907032,-2.8671281461998777,0.21507319839598149,30448
0.35054780185292839,6.9934642151775401,-0.9451979225626348,0.20643057082392607,7388
2.8760596538007861,6.4557198875991846,-3.1277910904134529,0.21669659645406839,30407
1.6402208548357482,7.2567666554799901,-1.4366884124801795,0.20658521302365945,31762
1.325667645501422,7.064309714516197,-4.7331466570747782,0.21108949102372285,32750
-1.844717735678463,4.9696980033203744,-2.9836664025766173,0.21649868083083557,18261
0.53288815142210189,5.0050824259584568,-3.5080895089285584,0.2118800698061718,12940
1.1753900368440879,4.9244708579848364,-0.0042814804544516437,0.21924971336088436,4331
2.3910962245312888,5.6161859403576155,-0.38307963058644245,0.21871257328447649,21245
-1.3468060879782142,4.7381460013245329,-1.0623257958617578,0.21241139326980163,34063
-0.89405790948539621,5.1404623917493657,0.37776939022631167,0.21946497653653715,24399
0.79749089859693223,7.0192613501427843,-4.294704163093634,0.21840029869116595,3468
2.3084186833071172,4.7262791577304464,-1.874390091372176,0.21693247051255168,37629
1.2312158978202024,5.0818467937699445,-3.1523558331103243,0.21738897545775421,26520
-1.5605228101159201,6.2883932857944869,-4.9709489991418101,0.21977142010935061,757
1.246265579186562,6.8658048045725195,-1.4106299266967468,0.21842779712726521,1159
2.7239550063042008,6.3088629187446887,-3.6819199188811464,0.21731170727700264,30415
-2.5361639557099496,5.4816249972339568,-0.40318707502594964,0.21522954325869798,3947
0.69526930773523055,6.132821246845114,-5.2387968194525589,0.2154479261456026,13779
1.9123857967340083,7.2696893107509597,-1.6715338927923395,0.21368941293326787,32258
-2.7832613571831497,5.7785899968389876,-3.5952022184418895,0.21632993530535172,23185
-0.41027893788009606,5.1434107385428405,-3.3472742526898021,0.21189133593607695,6572
-1.0424676831220328,5.1286777347159571,-1.149800449601508,0.22263249455828629,17722
-0.21298688931784976,6.4906154857865639,-5.324347388138877,0.21563236383620904,15050
-0.086051166452038252,6.9916297292114766,-4.2878425599532903,0.22671346938566764,13672
1.4025673743719949,7.1267825164008318,-4.1995236273922307,0.21506780669751649,850
1.9374608973886345,7.1772794546687058,-3.1632921582021676,0.21588717877858324,32498
-0.23573202625496534,6.7658219071006274,-5.3136812763367942,0.19968415028328806,34934
-2.9378287406065895,5.7654309457121062,-0.57768939111918305,0.21145608010568595,36139
0.29140893135096035,6.9144869884964226,-3.6982260322966418,0.22165960076305735,3563
-3.0769002480963166,6.4073027264034712,-3.507784781170241,0.21368759177954294,35591
1.5814928102778181,6.4204586032939597,-4.8034331043659977,0.21836166702211091,30726
0.9005869786433105,4.9982718033704536,-0.28000529529665402,0.21806361305632799,25108
1.0193327438286737,7.1546604083235481,-1.0533680340340903,0.20604142366969375,7518
0.22384727900814569,6.2239855666515274,0.84955413900951537,0.22061170238369038,20525
-0.70918044343465414,5.3982984862448467,-1.0879913768384424,0.22093682031103357,17353
1.3837356188061378,5.1835294893910779,-4.7766865053295104,0.22134704479277556,42707
-1.2001827177105904,5.0100598967197225,-4.9580070906356433,0.20869174539310262,32957
-1.3739416574245158,7.1383348706907821,-0.40898130803750177,0.22116975381083012,28660
2.9016385160444318,6.6188974764952579,-2.2875926033881204,0.21404222598449626,29996
1.7422351248615358,6.0612402200204523,-4.8270451099650495,0.22027112353927217,6448
2.5709663081898979,6.9391948681748739,-2.7098442829117659,0.21775903030319199,30539
-1.024229649231206,6.9357526694127696,-4.7308329653498937,0.22103431582661859,13342
2.9019279645246621,6.0141798692534749,-0.78827573238012094,0.22176350129611347,21434
-2.6547813392496842,5.28089250878178,-1.3384044257767111,0.21743027969215922,23701
0.79394866598303637,6.0279331570854149,-1.399030329473659,0.21790490687466449,16716
2.4866130106391782,5.2014565670904975,-3.3099693946238165,0.21453709340074908,22028
-0.56566374724714819,6.5250540474883589,0.73737335268330262,0.22304770189657716,20706
-2.2633517829799552,5.0965514173698967,-1.0174909449282377,0.21631043803829331,23881
-2.3141170012657293,6.0530523363369317,-4.3757708305193805,0.21890593619568746,708
1.0391267446115857,6.516737840894792,-5.063964933487811,0.21562259795240846,13719
2.4006531244937199,5.8863565046504984,-4.4109167384543611,0.21888800620962726,6504
-2.5101350054300409,4.8778480065839664,-2.3987018649292011,0.21501907036719539,33962
2.5922451014092314,5.3240650548849047,-3.5192989183956938,0.21640821395747617,22063
-1.4593817178654289,6.9299156485825231,0.18278319628443915,0.21610368547032924,20307
1.8495248955874846,5.9873452942416048,0.28968267724084962,0.21951931085393761,20915
-2.7274645331715006,5.1684148701343,-2.5106112003011831,0.21850464168125702,23791
-1.3064234994497077,5.4397737034939242,-1.8932116644807104,0.21386164516176287,17873
1.5747992291663284,6.7990227518098516,-4.6677511940470575,0.21756607859334715,30878
1.1983992620764059,5.09549756984363,-4.5257327957226465,0.22036980268725628,42716
-1.2626611226687732,6.5014659496997957,-2.645543768078781,0.21583160769146789,27531
-1.052138559563939,5.1412913052585107,-3.3795237900646389,0.21329521478531416,18479
-0.59411058298150754,6.0512561667460929,-3.2660853927710165,0.22227125496478339,27378
-3.1096379455076355,5.7446459069876239,-2.6331008611897184,0.21550019095404163,3682
-2.1156226212104063,5.2291174577145521,-4.2463881344192718,0.22163401012375278,15115
-1.7128391488847208,5.1272988879610439,-0.28202649537448149,0.21680774439840927,24550
1.2233754489983779,6.4357477278745394,-2.3129452583366632,0.21374720455659663,16322
0.30312970846331988,5.1538466682808126,-1.10156666404605,0.2121314272002372,9082
2.2372655052330552,7.2488988256091291,-3.1780726117470257,0.21307258520273883,32304
-1.5139473888820301,5.2533838003813482,-2.0578681412303061,0.2127122838924447,17896
1.8840053920266324,5.1785213950062463,-4.2033732274004389,0.21817680068081219,3380
2.471569242506551,4.9214200722820696,-1.5262828845042873,0.22033437909254813,21732
0.13069946852488665,6.6920183029225475,-5.2944220672213271,0.21345839110369608,41745
1.3937092099011792,5.1371362069953896,0.35758940378177012,0.21576820359647264,37185
-1.5559969153202975,6.8419755450468349,-1.7713727029643742,0.22305394005278509,27809
-0.91906082713018666,5.2444191174752408,0.7569436986214122,0.2142744589590414,36571
-2.122831549390308,7.1249306956991552,-2.7674680256962318,0.2179407213083053,2280
0.057816543864271368,6.5591842691249926,-1.0624800606027656,0.21543902819981467,17151
1.7830288463467026,7.0392948200824152,-2.9201547708594386,0.21497831550940144,15841
-0.6419475645055287,6.8604869691149082,0.64779188985620606,0.22286215625805045,39975
0.79189749050800007,7.063820108029546,-4.6344273685212718,0.21865005104267196,22889
-0.86172043589813907,7.0204104493876072,-3.3259590542988273,0.21914574474057916,11315
-1.3343558666511433,6.1295747651243975,0.5680048836644791,0.21888820941970644,20031
1.0138973981645569,6.1459934563039615,-1.7102013840892514,0.21783634345809369,1223
2.0563625080402135,6.7134975134588704,-4.2542547451272474,0.21495794067730692,30683
0.070407164656566198,5.0463083414537291,0.48997471046553426,0.2181140291684901,4202
2.584303997827575,5.3683501431239797,-0.9258095845600619,0.22280864773289522,21227
-0.78555397636544011,6.1815854312075453,-1.7963076086797136,0.2110961704902293,7079
1.1283922775990574,6.8384425525594148,0.66416539262063989,0.20601240467552798,12069
0.74874871189182224,4.8599648186178257,-3.6131067884964785,0.19879700325926089,42066
0.97836265849178139,5.1497331517654947,-1.0084002709452378,0.21780649832395971,4314
-2.0394856221921382,4.8459811162134514,-2.389743531867345,0.21679242513299082,18083
-2.7588806079784001,6.4595748702785425,-1.0274509766672981,0.2171742611958456,19965
1.8512312375892221,4.8075700417738139,-0.50165294766341839,0.21618170545887774,37237
-3.06485924289787,5.8115195406138316,-2.9696195005246637,0.21505725010437865,23248
-0.25429027064672172,5.0987199812764326,0.63215472569075826,0.21256076708954191,10444
-0.034268292008551707,6.0918567113888757,0.85985760434003355,0.2214666530296823,20478
1.2778346904779134,4.9227792428675494,-3.8461781819335141,0.21996390495189785,22304
-1.6887945592133362,6.8547461188949779,-4.5520128275662621,0.22031593794892351,26785
0.78002469991347667,6.7237852465332422,-3.2547336924885655,0.21629419373022762,874
-2.8234832416755347,6.5741475057803713,-3.7274351456566279,0.21959317855824051,9917
-1.5200847630356586,5.2398108190642194,-2.4524578736377225,0.21546433912693969,2012
-1.1027001191872623,7.0496414991387661,-3.8021810870134329,0.20129070084935016,4924
-1.3002229154347269,5.2954805797961306,-4.9672073589712253,0.21529498844644107,14968
-1.4972835306246546,7.2294987028599822,-3.0503397770419283,0.21155355869803177,38726
2.5063704285690274,5.0619597445712694,-2.7291286987876897,0.21681348983628951,3212
3.228039260842205,5.7971970192209819,-2.0130380874407865,0.219007103522006,21829
0.73572708654956842,6.3737328580266341,-2.8047369697843259,0.21027774004119351,9592
-1.2930954806992934,7.1016442682702365,-3.5485621823449822,0.22117333134737105,4971
-2.5434454115448539,5.0875389683384853,-1.6565464288743319,0.21883852528477971,3732
0.27447868967795025,5.0402628824632192,-0.76544437318934844,0.21314195459242871,24829
-2.7929829732554126,5.5841616174098316,-0.65489537622391591,0.21732482798234046,10188
-2.3592252162890692,4.7226975647790574,-2.9213366660195423,0.20990984180989739,33506
1.6720509501740737,4.9688419011081892,-3.7516455411609759,0.22021077843513101,3342
-1.0758877068730188,6.2817483859406451,-2.042409789881273,0.22075873742309299,27922
-0.93152111660386006,5.8902144780773495,-2.7505191001489115,0.21853575614250048,27629
-0.4716476333031937,6.982637063090448,-0.26418728879391018,0.21880512284689435,28718
0.85741029622031006,5.7009029239274218,-1.9241090469873514,0.21343334796631847,9337
1.7679329441718543,5.0323502257216628,-1.9668000808202917,0.22155330875143053,25793
-0.31978249060435771,7.0057684960475877,-4.0238902551935389,0.22662627244251365,62
0.20609212028051416,6.98689454313668,-0.1638428468072092,0.21617175592967633,28820
0.76993656905894048,6.3774111487719081,-1.2344382276964645,0.21737540935560917,16803
-0.41261890303650411,5.5294820968713161,-1.024327472850072,0.21189140103094509,17363
-2.7552107414654081,6.7189303444957362,-2.9050862473138643,0.21953250165759347,18883
2.6737954690351082,5.8310243635315926,-4.173575599004363,0.2180105155499317,12658
-1.8223261170499689,7.1758471760366653,-1.2093700891281627,0.22107507683429736,39503
-0.98584009275572515,4.9576665195823644,-4.6129166215489512,0.21552760094631526,486
2.7958321645090445,6.7158602864165333,-1.9948206717783594,0.21323985195066383,6184
-2.8749849756567758,6.6627838771604271,-2.3889910378436379,0.21814113084185985,19579
-2.2948860034313534,7.1102685893926498,-1.2498179085275201,0.21687838283372432,19936
-1.5370153035193821,4.9505918567158664,-1.4676084562052374,0.22059434076939569,17757
-2.2944630100238457,5.2438964646299553,-0.67696329701424629,0.21494680431843571,23925
0.69180833782463091,6.6074509262262646,0.80977467784233592,0.21789546058525391,11990
3.2717204720212121,6.151646569605643,-1.3622370568531856,0.21387744057179731,40717
0.089958804672726989,6.8853290851812288,-3.432643107871026,0.21526765869463377,12835
0.076523514829175146,7.0031461691996526,0.13564152172435323,0.21626224160371396,28896
2.6984350800181209,6.594763546067008,-0.7156852649884845,0.22218872789634381,29836
-2.9340767710383302,5.5370370570289911,-1.3297412268312272,0.21828004591385269,23631
3.1424232643578347,6.1384625997622733,-3.0885244463327575,0.21538515433216029,30586
-0.011954712086985231,6.5266792351709935,0.82746770321656948,0.22341760804427058,20551
-0.46822755791224069,5.7180331568553306,-3.2934708630777778,0.22120978621112741,14080
1.8887656765316634,6.3053909435955573,-4.6312026839177447,0.21536474035337586,30777
-1.0728993376199563,5.2611293249181976,-3.0318164000566661,0.2148199138137096,18701
1.5850979373940259,6.8492643486525999,-2.6849946072547413,0.21692492213143588,15905
-2.1392814593443905,7.3054871501183358,-1.8087275446498432,0.21373391375820433,11539
2.7305442734634977,6.0522498003149465,-3.9324749770077618,0.21938809826652017,30622
-2.0180361341372643,5.2979079845846719,-0.13027672356141221,0.21749637805379157,24097
-1.8553628211053554,7.1770650546423802,-2.1626795652519455,0.22178930019211329,39213
-3.1028306492304027,5.6654623586012622,-1.6279817729756589,0.21875624001044419,23734
1.9870867438959634,7.2209544402926085,-3.8566960926312399,0.20884010832405933,32603
2.7146795221452948,5.1829446092427975,-2.0257690471444825,0.22132248204199487,21565
0.67301801801245031,7.04695333604566,-1.0000326820003798,0.20892191103412613,7465
-1.2987777991270311,6.6881384795612737,-1.5889727571587535,0.22356566924802995,28126
-0.82274008524467446,5.9746534362350445,-3.0444385485213159,0.21882815108470827,27223
0.50626049645882953,5.1543677606057843,-5.3039364949146925,0.20888705757714915,13100
-0.16759430814491222,5.0301500196355686,-3.6321394885807545,0.21665073846542471,31108
0.93850648876635101,5.0486899922907913,-3.3697811148682062,0.21799715532200192,38270
0.64860278786503023,6.9523493263960559,0.48305543313837362,0.21237550995335089,29081
1.8400936953710252,5.4617281377235685,-4.9480712682367907,0.21751331649494074,41386
-0.28433812525068436,6.3149241225896864,0.82145853379523315,0.22153299285352596,20507
0.62712354664648984,5.5596473895221923,-3.3448690810980581,0.21720453853648472,26483
-2.3474414760270133,4.9533942351078686,-3.666423997571254,0.22047792338896924,33672
-0.45972294083071835,4.9902418543690148,-0.167904343457352,0.21645642792918299,24947
1.4976943098321935,5.011200888195579,-0.96826546555697335,0.21791918223916554,25456
2.7238596069247869,6.7030194043402593,-2.9780955397643285,0.21832791590290251,6304
2.4376293625472369,6.9613128355613956,-1.7054810148491295,0.21535351823395518,6164
2.7678550597612817,5.4840385284724649,-3.7244044738195354,0.21731278935575835,3303
-1.3009848851528527,7.0105216055977193,-0.75046351963352842,0.2209419026306145,5623
-0.23287533813561803,6.0007137760294746,-1.0744367958801724,0.2172650229486878,17235
1.3228382381374835,6.9063257471403299,-3.4084723328719018,0.2152362339559262,15549
-2.3802443495144785,5.4905951994328985,-0.092497683086355156,0.21699017764695905,36269
-1.9547524354209134,7.2867890171813636,-2.5071811838939912,0.20964064793596845,38874
0.068582770546674776,6.3196907651344052,-5.3207081307952171,0.21593228941437351,252
-0.63699531113514529,6.7717552408925803,-1.0005795139935973,0.22915899047902738,28609
-1.8600572977962466,7.1650330706201517,-3.0194328793806595,0.21788145291532085,19155
0.0061470760257343214,6.9742822982117234,-3.866740822661475,0.2256660287012347,22959
0.18857178064579941,5.0115494200831465,-0.093151051107123156,0.21696021451248332,24704
2.137396899519127,4.7490348089855043,-1.0824861305779556,0.21448269561943434,37282
0.85927070140317863,6.96259628294602,-3.9645306547666648,0.21296209113584236,23022
-0.71685422969757606,4.8194642603746667,-0.80893491304048271,0.21298225439265447,8747
-1.5659500984204657,5.9182028779841929,-4.9114411824217683,0.21821489534643856,15453
2.9929179845825344,5.4861035355381205,-2.4930432045842328,0.22009247986800273,21799
-2.3120544722136627,5.480674963623982,-4.1203255922361732,0.22103922967465867,15161
1.0925908683187415,5.6335407731938538,-2.1218335265707151,0.21474329467053169,25865
-1.952658939195125,6.9453059083435678,-0.31584641227545207,0.21681008080053479,2534
-1.6658662153974413,5.0264228686532384,-3.1806298124719983,0.21662843237567719,18213
-1.5695188005057326,7.1382915901592154,-0.72540676050795982,0.21716974513475618,5616
2.7507738281586551,5.7125274651537739,-0.8430610682560532,0.2223405172856962,21299
-3.266422395835884,5.8899211908034275,-2.2942923323470028,0.21567894690947267,10058
1.1889100513693045,6.5181882771807178,-1.6213120539565151,0.21786144372788213,1184
-0.87234930634715779,5.9943930622398334,-2.085418247783644,0.2097819078490227,6942
-0.68087489570691695,6.9109669741365405,-0.61161336938302513,0.22411364121930299,28453
-0.11689564805063814,5.0156304797253348,-4.9847398861205763,0.20648599331100032,14669
0.76527207209156667,6.7909875096255332,-5.1213443107138552,0.21236721422279811,12750
-0.70414990736256544,6.0458230251035303,-1.4177272771038971,0.21455779824606427,17393
1.2339583946572261,5.527907934044717,-2.64023013292435,0.22071119343964621,26046
0.91314936174241046,7.0207880156601696,-0.41660396971243141,0.21266033727730993,5906
-1.2051804012473317,6.9615928665995286,-3.0850357828355821,0.2235014234837793,38637
-0.92922974210210907,5.0596009636463304,0.026420369736777003,0.21482697956684557,4012
-2.9096960224211199,5.5305033994466202,-2.9097906789785912,0.2173610696410293,3631
-0.66459480683564409,6.3773746040650732,-1.5715851195509791,0.21205509410901793,7086
1.4256427121332498,6.1178858380275631,-4.9825288352004007,0.21795669026269854,13977
1.435960243926377,6.7317273564438045,0.61741113736090558,0.21001159802010227,40172
1.0605264400641254,5.554408296227292,-5.2300140743893087,0.21625202879460331,14009
1.2577504374138853,6.6396328942596066,-2.7778066984884648,0.21701936226551893,15979
-1.1478021240381306,6.8683008538403802,-5.0643857463926141,0.22095673075939518,35050
1.9328100248201827,5.7039663195206076,-4.8371955340877113,0.22243178024617186,41500
1.2299472648976051,5.1521033901023054,-1.163974685321123,0.21801761036095393,4378
2.2766736740947269,6.2429597742675575,0.063385746449408795,0.22492367120766532,21469
-1.1881955544806764,7.1715695462887847,-3.2744140533200148,0.21519272560375746,11296
2.2136754537389063,6.8449885210194052,-0.77280925020776359,0.21737901022801484,29624
2.2412776685330016,7.1298244490141789,-1.8134930048648199,0.21891880408287306,30132
3.2002496634265198,5.9091926629666682,-3.3196371252940295,0.21415543484336588,12469
1.2177420115916018,4.9674596574474679,-0.39003855125342068,0.21869658017856525,25122
-1.5154741091235311,4.9098961888075117,-4.2645742936476552,0.21380860884451955,18772
-1.7072055266261312,4.9866600041436868,-0.63289907559975633,0.21614773204244694,3862
2.3040303014098802,5.2069813155904985,-3.7001712972469436,0.21745166541179536,22179
0.0064137252502050436,5.3854206625061884,-1.0029304860207739,0.21909405555969294,17202
-0.031364922180274396,6.1910038954618685,-3.4223794611758809,0.21789188985683192,14270
1.0687168674755485,5.1485600892697416,-4.9251187706697399,0.21758744579751629,42700
-0.52753366576229532,6.1005954300704834,0.81585861662822678,0.22035947576962445,20434
-0.017344372215819956,7.0315765721274275,0.47672036313299027,0.20817018856348399,40072
3.0709273482791284,6.4128173613000454,-2.5325573655057179,0.21356076731954354,30234
1.6625326389315682,6.8961471477947027,-2.3353236066122309,0.21750589474639734,1046
0.26268572297931631,6.9987554409493535,0.50954536715605847,0.21238734488257383,40061
0.93904887657085967,5.9051659190696046,0.7142378962197613,0.21794915898408637,20818
0.47502723395340302,7.0055290394219654,-4.4101147069400364,0.21991477119294919,22720
-1.5300318676649978,6.813012598666246,-4.9410279697856421,0.22019066324426992,9846
2.2503838169067567,7.251948782749893,-2.3605508239245965,0.21753094317977942,7691
-2.3441456176952227,6.8084002288919345,-3.6810872242872339,0.21772468213400542,2300
-1.6116298743914774,5.9469476730935664,0.49935259023294987,0.21861311679258086,2565
-1.8904544070068505,6.862686663294796,-4.1908176286002936,0.21824858682888609,4871
2.9995052798055744,6.3403830266587757,-0.71110755242678625,0.21050816258715899,40474
0.64625101278627972,5.6951656706276985,0.78311712521345278,0.21874647715364737,2778
-3.0363761042052779,6.5232028633932808,-3.0033114279368127,0.22218548778247149,2258
-0.060104013644407699,5.2558245489049762,-5.3346015399296949,0.20970501685002924,33108
1.8548436556584385,6.8412554775256726,-0.23231009653537155,0.21670448165808706,29792
1.0080799381445316,6.6313150330617603,-1.3185877011442693,0.21904056613871054,16489
0.68269667578304738,4.9511873060187686,-4.007121035136529,0.2171659855773313,42371
0.59950838074081425,7.0427913538030582,-0.65646217596401502,0.21627443984601949,29370
3.2386152534827706,6.160318407681415,-2.7618211235779273,0.21348330835026111,41242
0.12208488649590414,5.378199281451729,0.87953306608001058,0.22204350039557003,36896
-1.4944032276155637,7.0286417813078286,-2.7943877781565765,0.22099358146982495,38920
2.4944434131358628,6.6808380463455848,-3.6350105091718623,0.21980076955732739,30310
-1.8193372397506502,6.4765118655994129,0.13254722513312367,0.21534302590808996,20084
0.80558279520502118,5.8060843813176897,-1.5760518952430549,0.21920007384696172,16700
1.2159394472876239,6.96142494422946,-0.20011937620960418,0.21157087265482644,29238
-1.8581798194916288,5.1999988832849278,-4.5221582935444653,0.21635572052029944,15328
-2.7843237471157938,6.6813907504115555,-1.6902983046715889,0.2175412128664469,19297
0.0197613897351052,6.5325061089243395,-3.4101113599378921,0.22069428612051067,27112
2.6950073579157845,5.341084084618906,-1.2464221458466569,0.22123039597549662,21875
0.58035335542748212,5.9111008432969179,-3.266709083475738,0.21733685627533653,26475
2.2521140048524617,6.9760738033555292,-3.7303911134858674,0.21772704013646843,30486
0.40079887174493295,6.7111093972315103,-1.0374154573847849,0.218036274108487,16879
1.7170418018389744,5.2356044234902832,-4.627785301338541,0.21752156290323932,22590
-1.0903400327827404,6.2032540763011976,-2.6904933511608609,0.2088182503406632,27486
-1.5894667383454477,5.1377539006198694,-2.78968531660085,0.2156927293913313,18228
-1.8878988905850382,7.1687428621865772,-1.7728557993090277,0.22177022120543757,39196
1.5064602333496258,5.2399132915044921,-2.4802187854445505,0.22051840100433523,26065
-1.70935121925331,7.0257992308959976,-3.6022713188310647,0.21848293926409187,4923
1.0545035023266092,6.8422333771937902,-4.9830216459506858,0.21792630208668828,41708
-0.33689793526967787,6.9777385959685425,-4.8753090019725729,0.22935153106800912,13538
1.302877713238177,6.5093078312494734,-1.9831118910351897,0.21141015153487575,1062
1.2942055524513965,4.8080718717443318,-3.2961262374252227,0.21539253900985614,38125
-2.6320926982387673,6.7038468365101958,-3.5327531807744754,0.2190360999650206,18830
0.49678562932412157,6.9561147158537189,-4.0322847052051802,0.21829715733066093,22786
-1.2941634996668492,5.4428088568788473,-2.2785312638942896,0.21686075031733917,17826
2.5357464798055664,6.4135191973328034,-3.8682606693004806,0.21926950475839782,6392
-2.8564527800951067,5.6271530004017611,-3.2604101964545671,0.21739457234772577,23166
-2.9041628374574588,6.5829221908676185,-3.3099172917054704,0.22104894090061655,19056
-2.1784623605544908,6.5970615735219909,-4.6287766926605114,0.21337095197528291,35253
-2.4111576533917369,4.8741394939511036,-1.923122907205767,0.21701806948353958,23659
1.4778696152816939,7.025716344998532,-3.618078917464179,0.21519156412978677,15517
-0.6418742166519894,5.0216529422210909,-4.0529660419015947,0.21548859742029641,416
2.838540647414272,5.3552085997346399,-1.8165296623871257,0.22007119832788175,21597
-0.55050976409276176,6.6501119045898589,-5.3023884650254054,0.21291322982150016,35090
-2.749518578792812,5.2542544935623505,-2.8547629048398973,0.21750354868992144,3607
-0.88469733589480037,6.7103097543306838,0.59197447501863432,0.22322159799852784,20187
0.31164668095119463,5.536415429447322,-1.1175356681415825,0.21901556732277172,16963
2.6033232767336418,6.7319151066353848,-3.3011272555862265,0.21647600735971309,30322
2.1598580660748898,6.084897262107928,0.094758041238042046,0.22172054173127745,21476
-2.439042169621096,6.8776765407713318,-1.0944699516430234,0.21562900919122235,19945
-3.2133372800726048,6.3344264596150177,-2.0495198495762144,0.21711414493516035,19434
2.7354486812765586,6.0842574532548168,-0.49276518133286107,0.22181759253457786,21445
0.13316814513723668,5.081761629973335,-5.2760736019565204,0.20449790300835533,13148
-0.88284330503514752,6.5205735214498048,-5.2420959414327646,0.21669352345440132,15029
-0.60350212358459265,5.1296911536217591,0.53739843271063281,0.21604729743205103,4210
2.09519365904056,7.2636939672768905,-2.8235759897526194,0.21299086096496395,7870
-2.0748617329807528,7.2774358429679769,-1.027051414046021,0.21417391134813168,39283
-1.338010813678878,6.7877971724358561,-2.8197689557542076,0.2083935842183203,27594
2.3052643622642819,6.4587003540303227,-4.1399219996964289,0.21570038556429794,30760
-1.5426542332306279,5.0085675661082343,-3.5099118856454568,0.21583494582899099,18597
0.87283503055366218,4.964733954917075,0.079232006534917049,0.21802176986257688,25143
-1.0025100118500083,5.3819655819144483,-1.2761875571418293,0.21671132412934482,17602
-0.55490160469806649,7.03905116288424,-3.7844146080028263,0.22430915334958743,105
1.5116311891825056,6.0164662860993507,0.49499640397690969,0.21948221546059024,20903
-0.99310192650500184,4.8979851322315131,-0.51228554002789572,0.21682635534648906,24425
1.0830091946069693,7.0292349001718444,-4.1039165354896276,0.21607180113218263,15736
3.2080252008327319,6.3442231519947248,-1.5883423085060715,0.21126503810684463,12398
0.72157092620674013,5.3427547318823718,0.7350494247329431,0.21771624838217507,20960
1.5995977530760157,5.3496529569712656,0.27217541989182881,0.2091263484562339,2824
3.0632783969208179,6.4753679435392151,-1.9638358665414164,0.21229526260344214,30078
-0.057640141559332968,5.8356193534273526,-3.4248021570173854,0.21927574705468589,14262
0.85975453140934299,5.7149916730313306,-3.1167505167873615,0.2188274084951588,4765
-2.2035806952540598,6.9941983671773675,-3.0984800118604308,0.21735899413990159,18977
1.018311304829717,6.1950947347857168,-2.2527976244528145,0.21464912029677838,34786
-2.5625599159483583,5.0233808818419314,-3.1078182975814723,0.21546125245281542,23277
-1.4525827290416136,4.8335483419648329,-0.80407560142406787,0.217081625702093,24061
0.80438692101329523,5.0095682152214769,0.61168976916325668,0.21604685858034281,37221
0.52033047555408518,6.985485891368528,-0.068227305882664666,0.20984213846654184,29094
0.82419442954458777,6.8555441981746315,0.75971146260602951,0.20492764476436318,40394
1.0582931386902217,6.1509207610054375,-5.1286084217630563,0.21693075366869716,13826
-3.034966924165305,5.7116150600219102,-0.95516242571153098,0.21566362234714248,36368
-2.4570346230252862,5.8537675854412807,-4.1336420301267145,0.21904294052813522,15382
0.92138058310852344,5.0595650918652106,-0.64839170649041389,0.21835005440907576,25051
2.2417149311794375,5.2882585126516597,-0.41308575747858917,0.21832525209583117,21133
0.9766206629706824,6.3163852102158087,-1.4633276825762396,0.20652922789692954,16541
-2.505061001918897,5.1073545519098467,-3.4617783942289724,0.21999480438385641,23267
2.8892733537007333,5.5176625757760052,-1.4821224711130614,0.22156438377838525,21619
0.54582260655173842,5.0134664809312941,-4.3895450878518281,0.21990071210872014,42457
2.2157338738734524,5.355226897905359,-4.3958334462821975,0.21862038055800032,41433
-1.3158856194102988,4.9873870154080739,-1.2673625726840292,0.21941063218972234,17744
1.6135274825813577,7.0323711038534906,-0.73816621183210229,0.21546456101088704,29569
-0.62885178012684495,6.4075027972688314,-3.3046135617968622,0.22169258548036044,27386
-2.3063617243504022,5.9542934012042261,0.036970181500489335,0.21699520720465754,2516
-0.80819802095445326,6.3097258313021527,0.71393530804344085,0.2234064671616563,2655
-3.2033711560923535,6.3767165553556318,-3.1256384688762009,0.21700158971134356,35622
-2.9800955342635156,6.2376101391650103,-1.0922212171204277,0.21700003079109839,19465
-0.61384675817608858,5.9466715753019033,-5.2753662656476799,0.21815934927124858,14827
-0.78115095327392392,6.8797117195939288,-5.2022007955918115,0.21315895051622682,35018
1.1617377052186042,6.7582382793497962,-3.1633341728510191,0.21744063524876228,886
2.2643098421958019,4.7193587270615618,-1.4910823350812352,0.21605152972771061,37574
-2.9568901342334009,5.4824862524395721,-1.8466116979238076,0.21254903473879358,23584
-0.57573183865082245,5.0567613390539323,0.16180662139206259,0.21760925428099626,24936
1.7859994681731888,6.7165561097368194,0.41721716292100386,0.20827790011210343,12077
-3.032581317081771,5.9894120505460036,-0.83735946902956448,0.21752972104678917,36206
-1.1730201616530804,5.0561256787910658,-3.6669953986331634,0.21625260493713813,18541
-1.8933176212941962,5.4686400139329994,0.4441109235220615,0.20949242338201499,36421
-0.43892456220978099,4.9904181361138367,-4.8785595273040219,0.20986511716235928,14655
