-1.5344380937288442,5.2743584045935759,0.33725285557208518,0.21351899098189894,24516
3.0672494193737077,6.3137438622141673,-0.83511977964056117,0.21504344263616818,40473
2.4598109279318443,6.5564247754142428,-0.0568248555228755,0.21143128232503144,40477
-2.5930875325494331,6.8910266208079571,-1.8401577855172879,0.21808748039388598,19370
3.178038981616385,5.9372002486718358,-1.4511849054831534,0.21536425973267481,40848
2.3602200050591216,6.1147364859584439,-4.3143278712337141,0.21158402467685861,30824
-0.9752449294175759,5.6444580374684179,0.80972273320144261,0.21354118648595424,20226
-2.4361823458486445,6.8364134824335512,-3.3147051063699977,0.22046397441274457,2202
-2.9276057164236806,5.4378053128890658,-1.9738137500176707,0.21510422223796963,23543
2.9772224931646276,6.0319758921479565,-3.5845846654056284,0.21269534729248127,30602
-0.9391379164038054,6.9938823010331257,-0.46312169655507018,0.22000268538091386,28505
1.3058378003745972,7.0356284071552171,-0.57661270375423823,0.21413440368411882,29154
-2.6956581746313866,6.7329400139221462,-3.0921057331137494,0.21929405964553086,18877
2.0987570014567209,7.2935614558225179,-2.1109961456536337,0.22268160443293475,32038
-1.7749053299865214,5.5218711661084541,-4.6883276637758255,0.21418220744954256,15136
-1.234908181678593,4.9732934680239946,-4.1288251880847699,0.21803963883148028,18601
2.4989901744102903,6.8213184336211121,-3.4072827547850424,0.21490812581092075,30280
1.9623910307820178,7.0091853689115329,-0.99265389520843528,0.21755340766469297,6032
-2.3742278552019442,5.3664267055851917,-3.9632116702860327,0.21471289925928444,730
-0.87367940685386059,5.0848161321367513,-3.6326795962957652,0.21699612303858318,18465
1.6531879512591181,5.3492159789623441,-5.0225719633134851,0.21559017130445468,41470
-2.0956846589453479,4.6834405613702819,-1.8338711082945249,0.21702780736111657,33772
-3.254977868309092,5.9513663143212243,-1.2805084913505582,0.22239164020292079,35889
-0.91064136535859141,5.8988316374314183,-1.6857560761074619,0.22057495131521557,1740
-0.79504066355372593,5.7499722311297612,-1.3214227842676118,0.21906543646438617,17502
-2.2756019904079965,7.1293327588793964,-2.3559686919778868,0.22063119604900827,2418
-2.9519865254456255,5.8046523959043936,-3.2674893663033422,0.214747335199445,23202
-3.2480727306084907,6.0266072749086241,-2.7989087914024844,0.21488462084306112,35699
3.0749658411885963,5.7417180186305163,-3.6532455480950681,0.2160355701920682,41046
1.9646395083623993,4.8740298434759071,-1.7681249094719402,0.21630159412436958,25942
-0.62853033158060145,5.5929854824961769,0.87615281944980639,0.21294611666023427,2760
-0.21700908441844011,4.9510111679031832,-0.52096416341713592,0.21630176872525722,4173
-2.3929371763688163,6.5119097408225599,-0.49033879803772989,0.21357425390825649,19684
-1.7411943824988225,6.1418236556745756,-4.8454180828844686,0.21149732162585272,15239
-0.35973611920150284,5.0314965872292889,0.085300137266350634,0.21365921930469448,4132
1.5373366690005441,6.8806759266801798,-0.04560347973683173,0.21254933825401703,29273
-3.0817577715373563,6.4870310034537271,-2.2973616343339782,0.22132133923681577,19205
1.9693355264810917,6.9530175689653815,-4.1932568308150406,0.21467384304920689,32710
-0.45560823536479622,6.9371373806660177,-5.185159614522429,0.22229525861389038,35035
-2.5660670046841747,4.9420038636670256,-2.6535474114525588,0.21522444223418094,3670
1.0881889380796033,5.5955736683119435,-2.8978348979947306,0.21902441318659682,4701
1.8513452210712829,4.8283187355148485,-3.2478883648880705,0.2145340130669339,38038
0.87587191054487179,6.1717536674359268,0.75475870394418698,0.21709082319240253,2934
-2.5353270556856353,6.8883335924545239,-1.4456446882468907,0.21563381965098105,19381
-1.4547961274167207,6.9540552981892425,-4.1570777701233759,0.22220272648286618,4891
2.4408044486453271,7.0850209778741995,-2.4773996990484681,0.21657399831774946,6216
-1.6208403843066841,5.2405994053219604,-4.7429188746892237,0.21418220744954208,714
2.2292242202266102,4.7766310145332493,-0.9955637209574163,0.20485802044598603,37349
2.8602560184281813,6.5839601613447138,-1.2495100241625947,0.2157793565390517,30182
0.76403174062022849,5.1720401860880871,-1.0481739995331139,0.21696704092417096,4306
-1.8125425464429168,4.8603497759943455,-0.99677185201744722,0.2181739419899528,3921
1.4812366102319072,6.8341398134752112,0.30617378931625056,0.2127300955221183,29447
1.3976028445369983,5.2531475464552901,-1.6764235117986366,0.21705946239182403,25978
-2.5941591900789378,5.6014438546268348,-3.7781089282238005,0.21293323789145766,23143
-0.82294918547998352,5.574085115720476,-5.2018836902582599,0.2145128212893872,14761
1.1520675773797744,6.8788664596949536,0.45525762443310019,0.21416455674276508,40366
-2.8361765994389656,6.6795957966033876,-2.0211324112300408,0.22132133923681671,19292
1.8196805683611741,6.7828035739012753,0.11403074276929875,0.21266676136691032,29459
1.2117493029403956,6.0815270825644152,0.63944997582010765,0.21769158409151046,2866
1.3771338809179221,5.2808015139069351,-5.1164909297715884,0.21835611532843172,42351
-1.7983688266740734,6.901809845335058,-4.0892145342837516,0.22220272648286679,4883
-2.3502123258241294,4.7037829079349223,-2.4952867102570178,0.21522444223418116,8568
-1.8869232328594865,6.7260068479256558,-0.076611612283439254,0.21550541155141525,19879
-2.230000067387043,4.8469642459141449,-1.5595940084210276,0.21713487255604189,23680
2.181241191774125,5.076686939123789,-0.48744419536684608,0.21352733912659572,21362
-1.159187117976167,7.1636743619505925,0.24423036374216905,0.21693656466361635,11818
0.26543042530684507,7.0187150794133712,-4.8365269465679059,0.2195421406142746,22918
0.83947380963326435,5.7756617716732546,-5.2509301163229614,0.21396602263122369,13891
-1.0561942381550429,6.0981963148059002,-2.416408514224194,0.21793855870908438,5320
-1.0094043701294109,6.8059372602618255,-1.0363210135697463,0.22118028669213485,5722
-0.89679059457540855,5.7613864581384568,-2.3603344676257048,0.22365408261904374,6878
0.62318417508276758,6.0392534249813288,-5.2652653617755867,0.21344460575754748,13813
-1.9271379211308644,6.9303815568915272,-3.7770511217810494,0.22045352367639295,4899
3.2868146247034922,5.8489905180717026,-2.1038359780914933,0.21211909765093528,40866
0.60682425959021036,6.6950371762074443,-5.1904282625735272,0.21301302566181371,206
-0.28350404589649747,6.3482979434140692,-5.323541135375808,0.21359910204208643,14887
2.0560394034646046,5.4840299081756259,-4.8153053086382744,0.20692854748685457,41358
0.7574755262061954,6.7989718152255012,-1.1068095039760404,0.22367017767577338,16898
-2.1191455008672446,4.8144146486885342,-2.7118573458155764,0.20708704966534422,8404
1.7036622894255387,4.967580831698541,-1.1701896857706926,0.21520649599968744,25509
-0.91192770450154081,6.14201771547744,-3.0044049009720797,0.21960397244276159,27243
2.1554020904030402,6.7790150495980486,-0.39701591450672924,0.21164093727569927,29707
-1.2014814558037075,5.2236376950553689,0.46938201438335037,0.21351899098189894,24504
1.5073474483120222,5.5974681510307889,0.40265927985096012,0.21561851683503699,20799
-1.5146729293586856,6.9558397506555103,-1.2435941221926692,0.22322109191996939,5558
2.896939169974714,5.4451082411851912,-3.0162233700225913,0.21680271861609457,22047
1.9595897179536417,4.8618407635475656,-1.4359726313634242,0.21646997201948692,25586
-1.6242518093651748,5.1943004535584034,-0.0069094423364016245,0.20522462075654413,24333
0.58789730283590469,7.0426535512549231,-4.6914398350991382,0.22247157393726757,22897
1.5199824297425648,4.7513029474612081,-3.1792926148964105,0.22036436786355543,38012
1.3561231371025599,5.3132038467316072,-2.7511180380773577,0.21750849189253357,26078
-2.1157296846309879,7.3095341209949796,-1.4947803708963445,0.22000352200341428,39166
0.29718470783504769,6.4061555585262635,-3.3218453294090833,0.2197734612170876,27097
2.2349417916850776,6.9862516585886167,-1.3200939202282704,0.21755340766469222,6140
-1.2302697880363447,5.4984142568912651,-1.778367601118086,0.22098026579731683,17790
-0.72093989488839538,5.2654541980075882,-5.210287391226867,0.21124908480655055,33083
-1.5754525776044246,6.2768542134875869,0.39205633316520472,0.21658549738768057,20053
-0.20954404255694525,6.9415333926938665,-0.4767577726994745,0.21737767929276788,28807
-0.80300100830710142,4.9502293667922039,-0.3350813933576437,0.21450162324621794,24215
-2.7743796886185859,5.3074388017809655,-1.6939393653370387,0.2155403092418485,23551
-1.0609726365579477,5.3033661978933369,-5.0881991042710251,0.21135713129390304,14954
0.9036773256500209,5.3089778050072676,-1.3878420979827544,0.21696704092417163,25526
-2.0921281358177168,6.848837918592614,-3.9469714399117883,0.21715815150700701,26620
-1.3659600405682029,4.9004362110122397,-0.61625165362257062,0.21447074085127787,4094
1.3844792100388397,5.3497630055810887,-1.9892919997487652,0.21710853987781095,25702
-2.9705213662681436,6.5005716951159833,-1.7183986957077495,0.2130818391954224,2322
-0.80430009869604246,4.8169030330095426,-0.86588573791018741,0.22199295303703939,8733
-2.5204865152482827,4.9119245958961741,-2.2608451148402517,0.21599627167108201,23650
0.55541125165245342,6.2724589799384818,-3.1635400257043367,0.22008415655267966,4820
1.2651957576675847,7.1869330593310572,-1.1958995519049398,0.21893598296117972,31770
0.67068111988456236,7.0454414061792878,-0.62045971730503657,0.21414327519464685,29366
0.7300846381714361,5.0087181302852493,-4.3171378457682437,0.21868966210142035,13210
2.152985997772733,4.9898443174165941,-3.2786938547671376,0.2145340130669349,21954
-1.0717417073116313,4.9236056905399277,-1.0545348364809313,0.22199295303704039,34408
-0.91788012088949023,7.1025071006454494,0.43698548057237829,0.21395162926981531,11810
3.2308667975917751,5.8680398643566969,-1.7788988643424057,0.21555720803344378,21837
2.5796905096526901,6.7835554121562689,-1.3286018243690783,0.21457945176062063,6238
0.19004225329568997,5.1172427354729617,0.82325076503349881,0.21517541970268525,36751
-0.56707898401548351,5.6358114480673489,-3.2143234329588859,0.22066851178183447,27369
-2.9976125614028208,6.5655988788070401,-2.6167466843958356,0.20645131610020723,2264
-2.5474447283239203,6.6012182405977482,-0.84260188636803812,0.21324358884508735,19703
1.5581752893595591,4.8922268212288271,0.091308152678981597,0.21659942956123918,37042
1.3911350393236637,6.6915792621635815,-1.8194632534719393,0.22272891238122156,16447
0.25331759668689335,6.0413767073768705,0.85308952347530109,0.21531031411542001,20489
-1.7347756709873923,5.4276315202081076,0.52487389340279267,0.21015690534256781,36425
-0.10775480176747831,7.0083246356640405,0.05834828255223664,0.21665601420447964,28909
1.7309107037755398,4.8657733426685006,-2.7325307012583195,0.21072937606630043,37977
-2.6569825689500184,6.3346578281748585,-0.67285299308349189,0.21284860994789789,2446
0.44686858389024003,5.0623543774682522,-4.9180948856138,0.21859218517422441,42674
0.2471602996685176,5.0260307039759882,0.44794967522937046,0.21627122187520378,4200
-2.6643403758677247,5.1319935249667248,-1.9889709688105248,0.21599627167108196,23469
-1.9068289014221651,6.4227713028587692,-4.7952949728739513,0.21060240374717057,35376
1.7438828581017209,4.8414221583169565,-0.15744585326233923,0.21670049015764528,37149
-1.2057232731566578,5.2978818688782026,-1.4237929682084165,0.22067342111651,17620
0.69021780515519948,5.1827754904287531,-3.42534806616613,0.2184561507621379,4836
-1.8441275974091846,7.0997771596238355,-3.2297734292843385,0.21906591600956762,19006
-1.3149546239754695,5.8966546612163793,-5.0406001977220365,0.21366856790510422,14992
1.5833383850458262,6.9222670379681288,-3.0238383623336778,0.22242504464400426,15892
0.300981985762801,5.0967386281148777,-5.2705146104696814,0.214554461530164,42121
-3.0035395600872721,5.5552100773733928,-2.4853826714031682,0.21634748955123989,3830
1.3746793458227269,5.0980136473857023,-4.4001694062817132,0.21907032338325083,22417
-0.84895907090095679,5.1851323640232314,-3.2732373114322098,0.21592117497416413,18683
-1.9678001787315134,5.5554290664908565,0.43068303381899403,0.21655453079319403,10277
-2.1912436268993929,7.1039082233688138,-2.7024774915146557,0.22119793759377496,19127
0.072163544899490395,5.4547752320285738,0.88553341965044163,0.21189617675885603,20597
1.9644351054988323,6.6431608966843108,-4.3963478982821966,0.21467384304920889,30708
-2.4113310384880702,5.5966737552661145,0.06253064061371176,0.21516152863077009,36152
1.2211891108257886,7.1123667496526322,-4.7350186359194071,0.22137728060157272,41831
-1.6315860788359315,5.1041206960269481,-1.9079741111734918,0.22187436357159254,17937
0.098496583503594609,5.0032756960302951,-0.31027543343282876,0.21629465922717364,4117
0.088752970450818008,6.150342235952138,-1.0448950738749676,0.2209110979315112,17033
-2.5635377285623977,5.9812846811356106,-0.22256430365749613,0.21336606338950789,19830
-1.9885502585625368,7.2996940019848484,-2.3794243725794049,0.22063119604900805,11642
-2.0835134864263058,6.9509474198746606,-3.4715809627934928,0.2201755518153784,19183
3.0942655340352361,6.4465041743794691,-1.7437251261338285,0.21771612039346058,30205
0.72691606901069972,5.4922058524065642,-1.5862088100977876,0.22139670965825722,9115
0.7786403176564648,5.064944042476041,-4.652678989519127,0.21841337211573031,42521
-0.69404059201457446,4.9819735411206576,-4.5811971099518365,0.21291885059097604,14531
1.0563634528599457,5.0321754190858359,0.52501039065879584,0.21873522366385845,37050
2.3249929291282241,5.366397142875349,-4.2493380886354775,0.21660967468756004,22612
-1.0989009825772689,6.2721807600213708,-2.1068567135473608,0.21793855870908363,27927
-1.6488535855772048,5.7050271478559704,0.56537637181698941,0.21548065897015731,10349
0.86929402178377424,6.9750896725237572,-0.095781555774342525,0.21486982976858163,29251
0.51670185249842682,6.2903155859033086,0.8256539686984421,0.21687919145675386,20535
0.87090378937115409,5.860423765450804,-2.06836331850824,0.21727351076832113,9245
0.90436574138363135,6.9389480146306326,0.22432045367917658,0.20268949579727394,29328
-1.8359472745842278,4.8721380742020504,-4.3492524493852818,0.21649981606091931,33186
-1.9882839985656044,6.0582780278229951,-4.6575426460004055,0.21293353919402702,15252
2.1739278733376444,7.295334824269351,-2.688650443670936,0.22237549230244896,32339
-2.6551103773345015,5.2592757908468108,-3.2565606698753284,0.21292547973189901,23084
0.11553042974273969,4.9886085440311758,-3.9042169902086372,0.22138241998025673,42625
-2.6106512811937721,6.6740702312655031,-3.7962513838408505,0.22107507000908613,19038
-0.47985596813106041,7.0571870488502322,0.15835195347196968,0.21880853630955882,29032
-1.0379226969832662,7.1115229057269245,-0.099886468500143946,0.2185993726447617,5740
0.2584726584345225,5.0132221123354368,0.085133285174765747,0.21629465922717372,24748
-2.3542555583191844,6.7403900082793919,-4.0554708566574442,0.22248463819643602,4948
1.3868206105907341,4.9754104482563921,-0.64543088704244067,0.21640223563376887,4471
1.2860506462669643,5.3011622615516725,0.46799963878487261,0.21677872337860357,20979
2.9635148835505989,5.7205442636650012,-1.2824895030720409,0.21592189559243452,21865
1.7570287560948978,7.2721617005900869,-1.5808064539845996,0.2238225968923766,7645
3.1386043206843568,5.6582745056611738,-3.0489256539090435,0.2188848345417938,41136
-1.3586526350011243,5.2568218398790965,-2.7873413533156439,0.21988737437777151,18155
1.8391080641128061,4.9086439473325454,-2.3840734357207252,0.21585307367553139,25912
-2.1486137194687904,5.7975869241345599,-4.4417477539727397,0.21577281800996073,682
0.11725884378695639,5.0794607178831352,-0.99845060777855865,0.22161448061800182,8867
-0.53195921526062429,5.8467682281793616,-1.1620601754768003,0.22013028238836949,17307
-1.2639041710695051,6.5178543707474637,-5.1261091560033352,0.21289550042822541,9684
-0.27254323242204143,5.6074676488453319,-1.0149024061632477,0.22078573620637765,17227
0.42555910963076332,6.3397596192346288,-5.2740590691938758,0.21205050872302073,13735
1.0902073292254053,6.45411146255163,0.72256879583210532,0.21984064171537285,2928
-0.48028541638219135,7.0384195728078076,-3.7244149614442774,0.22267931922580791,38412
2.1544609818081533,6.7063695873697178,-0.046345997422213223,0.21266676136691054,40664
1.5920283027226307,6.1444133693044201,0.48105192326882057,0.21909610595936543,20940
2.6004988743214819,6.8727368337794301,-1.9030970340451907,0.21782601378456456,29945
1.1342166195650663,7.0865970658487996,-4.354169312943557,0.22137728060157585,15725
1.3862782425006801,6.6283427164851165,-2.4406598125716892,0.22284641123506055,16137
-0.8483249987851722,5.5761464252461117,-2.6721254024378607,0.22166745511969735,6811
2.6684682691496944,6.5932239229897718,-0.62055850319505235,0.2113104160006411,29831
-1.6851376398097346,7.250600297515164,-2.7719027415276085,0.21617053841412032,38762
-3.0962218691776777,5.6448427246402648,-2.1629780599700408,0.21804112866131869,23605
-1.0599632409640538,6.9896033973027647,-4.1977257226267373,0.2193928087264419,13595
-2.7443218203672965,5.5566615275572824,-3.4411836337913342,0.21379143794247388,23155
3.120815571543798,5.6215090786610542,-2.7577148429570384,0.21888483454179461,22236
0.45117131642811992,6.9938468888659768,-5.1469884497750913,0.21580398682627785,12716
2.7128686515035052,5.1957200911044001,-2.3983738752941544,0.21572724280962541,21785
0.06756307175394978,5.023684289939732,-3.5312165064281107,0.22138241998025657,13022
3.1421962579194997,6.3455937620114602,-1.0822853253683073,0.21577935653905317,40962
0.028808754595022659,5.0048912983588583,-4.2938431632285177,0.22040414924949811,42639
0.011026330452253524,6.8400397395963948,-1.0500409242986404,0.22420510214427627,7336
0.61067618513259525,6.8369214966170242,-3.534896640218772,0.22445611254345579,22996
-0.27725088874928872,5.7338575299990762,-5.3208361071376418,0.21427724069776502,525
1.6495944394859354,7.1456638271841166,-1.089112491543013,0.21562912218134461,29742
-0.97213087966484424,5.8776056726157737,-5.1763541748727775,0.21386638739780847,14808
-2.3314891571926433,5.0377340203584859,-1.2856272181801343,0.21529879273449909,3964
2.8727431480410379,5.3589988059430791,-2.1868319584095541,0.20661916036504102,21642
-0.25648163468214186,7.0519814517159425,0.35015686206857011,0.21880853630955871,29048
-3.131152691548619,6.0352641233338966,-3.1466482328486691,0.21601888294693719,35682
0.65791436908121737,6.0790314538048547,-1.2455773260022174,0.22039843103066106,16825
-0.3201858866885483,5.0774923142878752,0.42704417370762271,0.20515732174662457,4159
0.83643847108712854,6.2166293204068257,-2.5505121819901402,0.22289489620579023,9372
-0.61836760992895179,6.4611572171343754,-5.2914641885376392,0.21543836162688998,15034
2.70168719423804,6.4654217219046632,-0.29167102425432506,0.21186684886098658,40485
2.4254633493022948,7.0955361940124826,-2.8336773127959445,0.2160557541858571,30522
-0.83208273177655923,4.9928233260735508,-5.0877744022393241,0.22038220127551653,32902
-2.2532409374006859,5.5205524113080022,-4.2154056994345037,0.21577281800996251,15193
2.1140166300637935,6.0676208690436209,-4.5622905946853827,0.21215048033112413,30821
2.6451225313281865,5.2312887559303745,-2.9706514915200892,0.21498571397302199,22008
-0.87591707218797732,7.0813052838554,-3.6367818480366152,0.22207752997981167,38562
2.5897673672723238,6.708245221534848,-0.98925441037038631,0.21314138553300707,29650
1.8856733043646166,6.9224168641743162,-0.60873202643020241,0.21427068299468471,29600
1.8768877188641526,7.1115307374917052,-2.9437153640014571,0.22239893325019983,16033
0.6187974884042341,5.9354906620322314,0.80065362791423444,0.21648655478258899,2781
0.19927134201102378,6.9791047722501043,-0.46201699678762775,0.21647044988818345,5763
-1.3147423456155087,5.1465672017878603,0.10012760306601251,0.21426233037511525,24345
-0.29942039954657867,6.6360830750854491,-3.421666960049881,0.22201628368744541,363
1.2680085963642764,4.8832016874214652,-3.7376323302984171,0.2152705518564563,22519
-3.2099385203874102,6.3962265328901911,-2.5924145884525336,0.22063768494764413,10099
1.9563313091592833,6.2185417666602216,0.2892492198238471,0.21961346183045272,21048
3.0826715917605014,6.1226767748284745,-3.2558628426619638,0.21259617142746429,30590
-2.6752772360647508,6.655216338108235,-1.2229706307276353,0.21514896616146817,19488
0.28239432799072739,5.3864435463313436,-5.3471496281601238,0.21506720859165912,42300
2.6534608562778774,5.8461479245579264,-0.5650226545122663,0.21521471204852999,21291
1.7219339462161458,7.1271105297582418,-3.5946902608368929,0.22042984789625747,15681
0.85122236477483093,5.2232183258751039,-5.275049167722492,0.20722104784491641,42154
-0.34594068004010958,5.001568503315835,-4.4624033910980136,0.21958736883216201,14450
-2.3482587265006121,5.4125154426971136,-0.27314274074510009,0.21770833542015339,3944
1.1423711886983723,5.281170780817023,-1.4430165885325714,0.20295981980249941,25338
2.0606590628497199,5.3307472284424344,-4.5457120766702195,0.21419476984371599,41439
2.0593084272325268,4.7772932702734909,-0.68948640027159802,0.22008416626749794,37292
-1.3520514021159165,6.5647548670209588,-2.0987327025783244,0.22026272956881554,27794
-2.3118079873712509,6.7980086464811507,-0.69401398472100539,0.21467840993250326,2485
-2.5107703624353839,6.9260900392095541,-2.5585971243996588,0.21812114737002053,2272
0.5676418697105311,4.9905978440203915,0.34545120469037893,0.21547722018498022,24873
0.20950295413123574,6.9970333039801922,0.1870846047631459,0.21217747386444327,28890
2.788349363994211,6.6851094266520761,-1.6170062694119762,0.21771612039345931,30022
2.6680201254564269,5.1558292365268938,-1.6984298063471535,0.21495876495121841,21552
-0.71322240929464087,5.028161345223646,-0.020657988657405365,0.21369184388493209,24468
-0.34820877590368893,6.9912105466437282,-4.4570265370699529,0.21884894877384437,27
0.39421706572301579,6.6345824164603711,0.8320174491293828,0.21636026824300206,20671
1.1842550135945438,5.8442210293082404,-5.1436777882973024,0.21405303143821625,13872
2.4742007529328376,4.8986970191044747,-1.9185788726569415,0.21585983265809228,21749
-3.3775559818097216,6.0548123709469452,-1.9477664545727629,0.21710471333781997,35854
2.3779255401128472,5.0243023441722849,-2.9565003928127331,0.21422832398614891,21941
-0.50452026496548397,6.5380487300439363,-1.3735342868851015,0.22269009649863614,7206
2.700629218611434,5.3527508420100149,-3.3323787925319186,0.21485318622977756,22057
-0.63039191403601558,5.7775733376213614,-5.2646355522884107,0.21451282128938631,14791
-2.0544935048238946,6.1230755277645699,0.14232939642462367,0.21568400991032982,20345
-1.5815708879994606,7.2218345820255259,-0.15443539423687169,0.22019124176041216,39816
2.5748761583124051,5.0987191876004019,-2.6264667846303302,0.21514274609153505,22267
-2.2765427076482494,6.228847149598975,-0.11680652059655715,0.21435876377775961,19658
-0.55803872674188781,4.9827704772431654,-4.8228950039954626,0.22038220127551536,492
-2.0586118888038691,7.0586283574409761,-0.58494559825308279,0.21629665923045768,39421
-1.0456170490877168,5.7447875039960445,-1.9411174094581878,0.22365408261904429,18007
-1.560092665560495,6.8141755727374305,-2.1885804242218909,0.21318733706874149,27861
0.43513305584378409,5.037221553773283,-0.51967587304598095,0.21225816608931827,25311
1.1258877596339896,6.3490132984924763,-2.3450628742265702,0.22289489620578978,16403
1.9221304386579097,7.2868792672173139,-1.8558492692349395,0.22382259689237732,32056
1.1060387563006695,5.5808763933154015,-2.0327489971475958,0.21727351076831999,25863
-1.0922910710385865,6.8452920647133082,0.45458274267467569,0.21648961563802319,2665
-0.35270261497840066,6.8520472530482035,-0.83171202832715974,0.22156288421586071,28593
0.040076245873458642,5.3951118651695724,-3.4465400625444409,0.2206123514816718,5092
2.8432448858288,5.353539530196751,-2.687994197658564,0.21680271861609374,22255
-0.4777779478151275,6.9849852431787065,-3.4453755122266396,0.21696985939261249,11192
0.08508558438638808,5.6904014650763513,-5.3404897575003911,0.21401937965284046,14051
-0.75265678796717761,5.9255691575891021,0.8040776321546379,0.21345211196141808,20244
2.5731783604896097,5.4277342409109091,-3.989622873415827,0.21660967468756126,22624
0.56821579794387012,5.3267140198533482,-1.3459721239904268,0.21851731250534623,8992
-1.5188259157278361,5.5955664000840395,-4.885647291727194,0.21366856790510827,15467
0.56503397502618424,5.6792520350766456,-1.2807792612184694,0.221578397171075,1385
1.0752741834455164,6.1946310461506267,-2.0462286690024989,0.2209794536940807,16418
-1.858301795370576,7.2747587503970941,-0.66237090558411904,0.22395852731800431,39342
2.566196380227336,5.5667892749991656,-4.3737902365380279,0.21660967468755757,12569
1.0425197903442489,5.7804551514778133,-2.3724083085046446,0.2175908541439332,26155
0.95275261131250855,4.9070085631265803,-3.8587563935328961,0.21763665674877203,22537
-1.4236842047335811,5.1261494513533679,-3.1497299260643477,0.21735584012423073,2042
-0.56267427009400584,5.0390488721488227,-3.8787782904565264,0.21814244013876558,404
-0.58437454895652752,4.8863340283184975,-0.58765766739763559,0.21450162324621805,34466
0.29105686120912261,6.7946287277627766,-3.3272495008891028,0.22378028671158839,12829
-0.37338155829356839,6.7811232439382492,0.740846070164071,0.21820324856890225,39979
2.1005198078932157,4.8320542557091413,-2.9443225001596778,0.21453401306693393,38056
0.26588980554179431,6.9993680842759112,-4.4561315366723857,0.21965254284333036,22725
0.78195028554042145,6.1033739718234781,-2.9428645426348266,0.22008415655268007,26445
-0.76794768833740423,6.9426997198647165,-4.9249695682386081,0.22229525861389027,13552
2.1346577612340227,6.393859593513163,-4.3703901588611282,0.21399027533028267,30746
2.5850769700106802,6.8626774834661353,-3.0224505263815726,0.21549093599307437,30330
-3.2166097140714132,6.2825959656819741,-1.8337745557620753,0.21237125417227454,36038
-3.370494289923549,6.1484148506060388,-2.4967903394906008,0.2157471786681972,36072
-1.1312480564765062,5.3532718575529232,0.78847300000099119,0.21354118648595238,36467
-0.10139180253539905,6.0186010978828222,-5.3323085891944615,0.21259070378245698,15067
-1.3333576428680196,6.9294302431334627,-4.4552394404356779,0.22073438169890719,4988
-2.6405364077751812,5.9282835716650091,-3.9381805804606,0.2147320061515702,23394
1.7318691115635283,7.060287527146091,-1.9794289432988328,0.22383787375075964,16346
-3.3356252548182495,5.9996021791100684,-1.6083458116582523,0.21834707192799796,35862
-2.1810172465843496,5.5389864614451954,0.25482549761646645,0.21277653516826731,36650
-1.2225687131838998,6.2766783707464135,0.57126122014208114,0.21522069202917934,20074
-2.4435203757207251,5.2207909380526694,-1.0087215689763545,0.21666309695634903,23912
0.35945157186963339,4.9929630538269238,-4.2077293552233952,0.22072024275976626,13205
-0.33167184972534192,5.2296642534119524,-0.95111696785945099,0.22225372956856149,17221
1.3238591189589521,7.1361917278209157,-0.90499839233397572,0.21342864587048668,7624
-2.2139066840759387,7.0710254339739071,-0.91227584670222328,0.21475041108634368,19923
-1.5695944260611552,6.8326342385282528,-1.909742477999042,0.22248540697166375,27851
1.0717318924248656,5.07751804144592,-0.79815336673869131,0.21640223563376898,25056
1.4182601784027584,5.5767601893680094,-5.1161911637945154,0.21578945680219525,42336
0.47961692104025466,6.6823505614699901,-3.1791609802511434,0.2244561125434564,9564
0.89950808488811951,6.9144929280879532,-3.7568791407726145,0.22263983112425623,15615
-0.26766908950428553,6.2559403286836606,-3.4050879829191016,0.21332731779574174,14186
0.051167126564500523,5.7488920362034746,-1.0286495600753782,0.22091035038079779,17099
-1.3023483270223191,6.9217778992273225,-1.0101876965680163,0.22336825610223882,28132
-1.0679034011087867,6.510573007961681,-3.0004227450138798,0.21852760673732147,27431
-1.6772289191823206,4.7023840848531444,-1.2920344204369874,0.22029663569245492,34045
1.5874032090590569,6.9456506035535019,-0.40084827193899619,0.21364345633212947,6011
0.45778778989295232,5.7156446929611695,-5.3193622730536685,0.21443912072812557,13879
-0.47626043331274581,6.2230475453497078,-1.2608280592314269,0.22050975099028536,17409
2.1543797892491265,4.6963093476595672,-2.3432048078241494,0.21585307367553055,37731
-0.94694896156024655,6.9614780108139662,-4.5334950055744017,0.22016126332814048,23
0.96058605370645556,5.9081966857068133,-2.7169122342295839,0.21957349937879517,26178
-0.16419874173693885,4.9550994190218836,-0.87063728020421161,0.2222537295685606,8870
-0.014978549206355057,5.7938629595889184,0.87888651219566882,0.21366623154105521,20406
-2.0710160842122183,4.9034489017088685,-4.1153675457735348,0.21359073523005692,33242
-1.847436503174092,4.9937571861188728,-2.6911629563770942,0.21788841824031654,18280
-2.3622643149277742,7.1078421414061914,-1.6552787339306383,0.21628153626643071,19519
-2.2631354712410565,4.7727114592382858,-3.5274488539935596,0.21611699216596256,8345
-1.3093487415488392,5.705869534307503,0.70122603092271596,0.21354118648595413,20222
0.31240353533597809,5.6763033660257802,-3.4209267430051082,0.21983971823711909,27043
0.36432734142639189,5.9103279449531518,-1.1073762466283719,0.22157839717107614,16831
3.2066615268792327,5.7135717496279943,-2.4122428104295279,0.21633094324431612,21814
-3.305200488471292,6.2770946170878057,-2.850867394258219,0.22063768494764427,35601
0.78892132234863299,5.1112794256616265,-4.9768871442762403,0.21815880526892559,42690
-0.32273910001319422,5.0865415533564686,-5.2721208134413544,0.21587169442491261,8101
-0.80338463045792952,6.4028289132273466,-3.2030875847379123,0.21960397244276164,27303
2.7424486077283183,5.490611838934222,-1.1121254993112055,0.21592189559243186,21408
1.1926957119230241,6.7796634861178244,-4.9266105752861584,0.2122360021566293,13954
2.3902496158006032,5.3307914595170827,-0.60473708882816779,0.2135273391265973,21182
-1.781758529465564,5.0408691978551152,-2.2971338592720469,0.21869275534750046,17913
-1.8201521611142844,7.1324442376919261,-1.4527490182498475,0.22322109191996831,28303
-1.8573375221843902,5.7722913263332334,-4.6855927015744907,0.21263221379257063,15173
-1.8176770458278722,7.0976046700237312,-1.7983843469202332,0.22302679887218166,5486
3.0506589760834109,6.4654063914841542,-1.4381066871046391,0.21597953015702373,30195
-1.5220135535231765,5.0136618054531281,-3.5147719003981881,0.21735584012423231,18597
1.9949837502262138,5.12430703303525,-0.19755804933319918,0.21670049015764595,21350
1.8715255330550553,7.1245228981127564,-2.2673332303118428,0.22296526329255301,16356
-0.0086888477789731286,6.9291873369384778,-0.74981826760406944,0.21770212127883146,28978
-2.2395695859162288,5.1390390822703669,-4.0234399701614496,0.21570988690243256,15345
0.93876017638924714,4.944892401005748,0.26468327295178745,0.21547722018498003,37107
-2.8214916213578256,5.7339418515702949,-0.39540712609779788,0.21885738269004018,10141
-1.2726863692315282,7.1187780472402062,-0.34708558891633889,0.22019124176041133,28664
-1.0046429349448134,6.500675879158643,-1.6121861383469922,0.22529120932485105,28261
-2.127651810611642,6.7614859949237749,-0.37840620802784736,0.21467840993250245,19761
1.9926573246877068,5.8432493095866391,0.13603305121827736,0.21879375692077424,21027
1.6609967994544537,5.1084302622730107,-4.1930028454559629,0.2177672783367654,22405
-2.1906127562363058,6.5104289404154949,-0.23932269435124895,0.21403301507424896,19730
-1.3931286567190881,6.8779431843313947,0.25581640573276676,0.21640861624344115,2669
0.60666568053507897,6.9009688240166511,0.77227794863479038,0.21990810954006779,40035
-1.6188177278192841,4.908936662264991,-4.5923674974619235,0.21601956755197974,33183
0.67263164301735423,5.4625080307122831,-5.3139539127006978,0.21506720859165926,42312
2.3996044036623569,6.7492983586788222,-0.72167070198379624,0.20885364334483633,6069
1.1117978899911469,5.2323099613842388,-5.1932976899104792,0.21626893243764181,42129
1.0051538154694954,6.6216699342934291,-2.9824227138361308,0.22274687251184086,15791
-2.7389162895130359,5.4282572673518112,-1.0640182773788287,0.21660676607726498,24161
0.95039582798492295,7.1384270830871124,-1.032569774475862,0.22109073964898443,31578
-2.4138773931763575,6.3108641185464638,-4.375619531307497,0.21569476525116613,35395
1.4180690226440185,5.1374653255238298,-1.330176129104057,0.21489448570127062,25397
1.5888077464632215,7.0206604645626935,-1.7337919862062963,0.22382259689237763,1096
-0.69577187857494394,7.0206533190789653,-0.19672876476772003,0.2177330616384866,5680
-0.05721719445921318,7.0130840016924116,0.71551199478757954,0.21687659096150483,11944
-2.0421173236111061,4.870646371381369,-1.2210538391478436,0.21738543931946944,24027
2.2571756753482739,5.2539347059971888,-3.9439886351840139,0.21504404559228379,22633
1.8201585730961753,7.2181461258701232,-4.0108624271525972,0.22076340051674459,32653
0.24895532677750712,6.9662889380224202,-4.0606223769363776,0.22169683573560536,22829
2.8306912755855698,5.776859441215179,-0.9163511654498131,0.21510763226033949,21301
-0.23315360067360946,5.0119722204451662,-4.0932764724717225,0.21931540700094226,399
-1.5326400314504185,4.954411058919109,-3.8550776167038081,0.21803963883147939,18654
-2.9969730755759443,6.1052550903922542,-3.5074676972908083,0.216414023946705,35670
2.5831108077009408,6.1749023063090167,-4.0190510948659943,0.21117428183244794,30944
1.5471836100801668,7.0963817337100048,-3.8049809047551935,0.22076340051674401,15482
3.3769991354916638,6.1435145261711437,-1.8542210353260027,0.21712397492614371,40778
-1.9182651967111093,6.7575995565731093,-4.7184188340331534,0.22222770379281478,35320
2.9174140115256488,5.6541940654232521,-3.9020904491569044,0.21599082431653607,41049
-1.7653157875179204,4.889860600220894,-1.727096150522601,0.22047106854717444,18050
1.0918380048609364,6.8859500050441245,-1.2629765538565996,0.22136044682739556,1226
3.0576904493305008,6.0031148357194803,-1.074853604546957,0.21532574444447003,21856
-1.4535724787171613,6.7247312258394132,-2.4601555824293184,0.21856940725444834,27712
-1.6034089169141528,6.4885879206127859,-4.9760912000015693,0.2110117642249805,9800
1.7711758706494065,5.5427877634134957,0.20388565771461184,0.21638113907091525,20811
1.4643227253184607,7.1523935467547135,-4.521359558409964,0.21753794931936388,32648
2.0760967074197683,5.7509009327354734,-4.7292431903719452,0.21441398827455543,30983
-2.4782662675342051,5.0055112843122247,-3.3879686906802813,0.21317195484586604,23264
-0.45041626982511751,5.4305573702725045,-5.2869668225253657,0.21587169442491028,589
1.9987888231155124,4.6989140539294256,-2.6482030008429209,0.21423839852212048,37885
-1.4882974050219604,7.1517912898664884,-3.3278916796050058,0.21399566185300195,38606
1.4095074527288249,6.3887008966107626,0.60894816697789533,0.22019589183365895,2924
1.7647800762828441,6.4526123898419359,0.46129424468352043,0.22019589183365898,40294
1.6294030715772492,5.1520838278227243,-2.1991720384444462,0.21676659939676041,25810
1.5102995675953466,6.7589029759759249,-2.0688235035206333,0.22383787375075931,16234
-2.2414881075135376,4.6861830014794155,-2.1520762765978905,0.21628390135067749,8475
-0.78223273294821916,7.1072756299080115,0.15853892712026765,0.21789693315189909,28695
0.30747094393100954,6.030356642687523,-3.3735454285014748,0.21874223048242469,26995
0.4148625009079277,5.4063436303044803,0.82660614940369792,0.21383281911179389,20609
1.0381358034712114,6.8452121398349259,-3.4716130675669179,0.22263983112425695,15634
0.97147424477434607,5.3805304814419568,0.64228599383061102,0.21923328679400939,20967
-0.28955773224138492,5.5150661437779895,-3.3622352184056576,0.22299339930646681,334
-1.0846858573716447,5.0465904873521001,-0.091366159122926074,0.21426233037511488,3999
-0.36455286823378302,7.0574037472759015,0.63588290523120361,0.21820324856890183,39900
3.3553533852933537,5.8805526375864456,-2.7440476690839324,0.21888483454179741,12541
1.207147812433246,5.6615597611920085,0.5778038750333393,0.21923328679400844,20787
0.66256599684514328,7.0527530318546958,-4.9962380741417762,0.21977500835153538,41661
0.39117345143516147,4.9450332955594032,-3.8085045551199039,0.22138241998025654,13035
0.47063964682357939,5.0502255991231975,0.7235766334458924,0.21157423994657487,36729
-0.46766852937354236,5.2539505217849687,0.89474131448982286,0.21082206561196815,10405
-0.73673702928476392,5.3742518896898979,-2.9641980360603086,0.2216674551196964,6689
-2.4042986463415192,6.6182083936900531,-4.4090576620149413,0.2224846381964368,35308
1.2901006640963686,6.9568899477205113,-3.6112522255013597,0.22195600137760724,15559
-1.4394712436322183,5.3972110522739642,0.68327519129165359,0.21351899098189961,10271
0.36398721222071151,5.2936549713418311,-3.4665050404197308,0.21914783247071601,5100
2.0071253142473586,5.4786578044544125,-0.028009153283438844,0.21651408322830579,3069
0.10557988434211231,5.0323933703094594,-4.94693243110701,0.21865125552886583,42662
3.4029875554767433,6.0148843915766017,-2.4325923252655866,0.21474675259118556,40898
0.40472656362460735,6.302696528092552,-1.0805566912960276,0.22039302666575947,16761
-0.0083860125895487084,6.9767473474614938,-0.26114968424989171,0.21379866830354671,28828
-0.77705978026907296,6.8625635029561591,-0.78662153213850494,0.22103383430600795,28433
-2.8978617827161344,6.4621758505211222,-1.3595020805206814,0.21488382981705451,2326
-0.67155060651554055,6.9969279718048645,-4.2815732365510817,0.21871759093895143,13439
1.3831147150656522,4.9117806572504605,-0.26347263756856798,0.21852797385394981,25245
-1.4978712628835875,6.869357423925992,-4.7225493347052874,0.22222770379281392,35482
-0.23523001680716593,5.1260932997418482,-3.4085089410054739,0.2229933993064645,6557
1.709254035323414,6.5780609602611086,-4.6536106380989901,0.21264870450003195,30699
-1.7488580253027699,7.1544615355217864,-1.0698141705155244,0.22395852731800431,28323
-2.0494254007616437,5.2135823526231952,-0.41119783187714437,0.21523199185099803,23977
2.4326239947437798,4.9767543182008795,-1.1653867935327578,0.21403518918913184,21383
2.0874352460351924,7.2590711574957343,-3.5100052236732746,0.21856543258768604,32358
-0.49394399818658419,6.3163591170024045,-3.3483430380784238,0.2212299622736878,14174
-1.4331317227348188,5.2014631577540458,-1.6512603149379688,0.22187436357159371,1782
-1.0889559712154562,6.8383568439863218,-5.1447146489863416,0.21893094121281875,35020
3.4034648195333568,6.0871189308723803,-2.1508313321224448,0.21384230129439771,12333
-1.127755990177759,5.614098857966602,-2.1731424019703001,0.22358252033984316,17996
2.6759351214797689,6.839556104925097,-2.2508192188375764,0.2178260137845647,29933
-3.1386128676629368,6.2485594699524283,-1.4818864254141002,0.21174991923308092,19452
-0.53091416061503349,5.250979554059203,-3.2142766662894413,0.22299339930646686,6778
2.407240932428,6.6698614526175861,-0.36394616191794482,0.2114312823250315,29819
-0.90356964407803242,5.0228700227971448,-3.9910008503235015,0.21762229226356888,14601
-3.1437974584027422,5.8800083446492915,-0.96790607528098227,0.2149268899973982,10232
0.97280013443272262,5.1020500590751476,-3.3295520166012036,0.21795970165026557,4843
-0.85231743985809949,6.6306729545970544,-1.3187592133535242,0.22269009649863558,5576
0.17774330072605157,5.0194459684450559,-4.5990035873025743,0.22072024275976637,42537
-2.4937773674826169,6.2696422995997434,-0.38555554782819834,0.21273683395277559,19643
2.4419941743021223,5.9473019974672043,-0.23576402539073552,0.21659007385072215,21312
-2.3352963410212375,7.1314926702910464,-1.9983385250747236,0.2168040670508545,2413
-0.17630363326154244,5.0058198554937441,-4.6626758370555201,0.21958736883216123,433
2.2942585568107452,6.8850732084586967,-1.0695555148674898,0.21519543175294889,29576
-0.38414719183573409,5.8634608118587863,0.86521469035408649,0.21294611666023455,20394
-0.27531739041593717,6.7231424512561189,-1.1717910028130407,0.22546441947883247,7261
1.0255259189752881,5.0005111277081093,-4.1969454683091181,0.21836910186752259,42728
-0.95207304869075982,4.9793886796177258,-4.3603651581408469,0.21762229226356994,14616
-1.240618187680981,4.9335328230420643,-4.5364418317935797,0.21753536483917152,18785
-2.6070926781584736,6.189934598714677,-4.125799238657744,0.21940088555551365,741
-0.19228557926510839,6.3997686985052322,-1.1264023596937816,0.22546441947883222,1480
-1.7345447320805569,7.2536307274603651,-0.40907202498318307,0.21675092838740467,39458
-0.46977760806145835,4.8870012680182517,-0.84446796467773921,0.22211773639006221,34445
2.4025678290238259,7.0854176960497295,-2.1712406545939742,0.21782601378456495,30116
1.225957590955985,6.4010951925471016,-5.0061649235794601,0.21194120536475025,13761
-2.1697772301862357,6.3431137430294253,-4.5932033086646191,0.21293353919402688,15414
0.25701363415070211,6.0131992317662464,-5.3202909592400465,0.21234973103870228,13801
1.7908896426162917,5.1811133721125611,0.049656230097164834,0.21670049015764375,21002
-1.1803244019442265,4.7540913118072536,-0.90723944439494608,0.21569852476704757,8822
-2.8484571872087128,6.1918089862567038,-3.8163621607596845,0.2194008855555131,35658
1.5272733763309805,5.9043846869631462,-4.9911454795367192,0.21270904354567255,31013
-1.8262183070881286,6.254351631739528,0.24160014097803159,0.21312926610187682,20045
-1.9061324441032039,4.8894879366524719,-2.056484411840092,0.21869275534750077,1900
0.40573573245649547,5.0128130968098903,-0.17308401879550941,0.2143779050310278,4190
-1.9285257210876663,5.0459068197676915,-0.70071832886120466,0.21647490787812454,23868
2.2246555051142809,4.6982723738449055,-2.0368139153134397,0.21630159412436945,10783
0.74463579808364211,6.3743954194465635,-2.7886783185497319,0.22274687251183878,9592
2.1371713623520519,7.0019967073390408,-3.9087245658661129,0.21517498859240403,32698
-1.0460836574602526,5.6112883851160378,-1.5368925029107015,0.21899198325341312,17542
0.91441923855252261,5.434695168375951,-3.2167222715266042,0.21845615076213742,26394
-1.3389706053494694,6.561481097863803,0.41750616849798333,0.2162201335341222,2615
-2.6241342817137427,6.5566299425019636,-4.191546105898456,0.2210750700090843,35427
-1.9636226103662835,6.4346590530255074,0.036706745822061827,0.21550541155141445,20333
2.2512933729293194,6.4636770514886077,0.15945586992407063,0.21961346183045088,40691
-2.537425795279868,5.3609091603961181,-0.78509251402635161,0.21141845598149786,23957
-0.083061811883977973,6.9914851765847388,-4.9749489980363819,0.21855992991353781,13528
1.9204910553301566,4.8935005176897217,-2.0792673245700648,0.21585307367553094,25925
-0.78011325497725281,6.1464513049070231,-5.2484401891809718,0.21437192541047523,14872
1.8963891486150055,4.97904100661217,-3.5755444889137689,0.21431036962881431,3452
2.764684254938004,5.6086956891623254,-4.1257621407962697,0.2129579225851343,41546
-2.3373566659768876,4.743171216464809,-3.19016635099273,0.22015836520500523,33498
-2.4388104554504624,6.9123869952816888,-2.9107983120984842,0.21963816246531664,2221
-0.95416749734244499,6.7860793641363628,-3.2077113458426263,0.21995308108635286,27411
-3.1951237954022988,5.7600343671824525,-1.8617097718004827,0.21834707192799876,23745
2.8476402412020327,6.660604874749164,-2.4691104891644344,0.2050756391630757,30247
2.3189774567655728,5.0209200414120678,-0.79493412286605991,0.21403518918913145,21374
2.8619234427723574,6.3381080443554874,-3.3806767418911492,0.21245982827988355,30428
-2.1117347160504827,5.8175439524622012,0.25879124110696966,0.21655453079319426,10355
-1.7940645976100977,4.8668024919452328,-4.0017819016440903,0.21737870067771997,33306
0.28946455152069206,6.655109843234623,-5.271885616825541,0.21162674263247666,13916
-1.4457705915105357,5.0602973151770883,-0.25463440033136742,0.21448729364283473,24261
-1.5342537724754366,7.007046289596512,-3.813019588364075,0.22057562117517407,26716
1.7779320711815456,4.7177922308371105,-2.9418270774207889,0.22036436786355482,37872
0.45994298147371809,5.0900212276182133,-0.86238705477090505,0.21541305096548993,25173
-2.1344372696091014,4.7985999291393231,-3.8128394525508171,0.21732907231661655,33329
-3.1018645373165459,6.4381608747891805,-2.0400741497068839,0.21237125417227498,19212
3.3066238043134821,5.911391986799333,-3.0356044263871298,0.21806354086129381,41058
-1.0629436663606961,5.36917589600779,-2.8007898333350334,0.20785486912497939,18325
2.3727247005545604,6.7531626519358507,-3.7727370026036757,0.21517498859240422,6396
1.5735575816509211,4.8522249477811235,-3.522302920605286,0.21509307054886731,22500
-2.8542143883149946,5.3351658465456984,-2.2550946097066547,0.21452723308350663,23493
1.4797821078824616,5.0106226895725001,-2.9348037221635801,0.2203643678635539,4712
-2.965876707793305,6.4734221956681504,-3.6831523113510882,0.22055330715942245,35586
-1.9083904272910039,4.6868903895962006,-1.5187026644885628,0.21881009707416024,8696
1.407495244385466,5.3678689760665952,-2.3766272595530329,0.21676659939676063,26280
-0.031997892644040897,5.0330465450322324,0.2230622180924664,0.2162712218752037,24738
1.9501832981724163,4.8275137033242954,-0.39467421567144789,0.21700254258475965,37309
2.9622329580044351,5.5556101513905229,-3.3832769977230419,0.21603557019206732,22216
3.0397396755810431,5.6569914548360307,-1.6604469143781506,0.2159757237788833,21670
-0.65334563168728466,6.9703796725804334,-4.6675278580025967,0.21696930724184296,13369
-2.014958498072779,5.4958368787124749,-4.4666131971378613,0.21455521546261938,659
1.1943435788350047,5.281543045001202,-3.0427353805722315,0.21781017869072458,26537
2.2280566136881101,5.7597396674266257,-0.1123601499189691,0.21659007385072274,2981
-1.1163327367333047,5.9661816870121109,0.69866238603927533,0.21450178424320737,20034
-0.057939150647016539,6.9949954742311418,-4.6241515327853655,0.21965254284332927,13684
-2.0652672650745458,4.822402947702038,-3.3924796064154212,0.21732907231661625,8394
-1.1283499020865788,5.4761124674467752,-2.5240222421448544,0.21988737437777084,2005
-1.329945302843913,6.6597454885724661,-1.7170457510590811,0.22142206996979069,28033
-1.6571747815307729,7.0274667416209411,-2.465382766210841,0.22005148301231484,5362
-2.5655425670421343,6.919807993413591,-2.1953205785354459,0.21808748039388617,19350
1.8354887850159349,5.3384800321954833,-4.8624450660243097,0.21981807788927052,41314
1.193956965635254,6.9180089593996534,0.088588603655168602,0.21373571376613654,5943
-2.7778581239543891,6.0304061257828794,-0.51227091316680495,0.21187644746090487,36329
1.9273434084167476,7.1301851306570176,-1.3001275830812586,0.21755340766469389,6090
1.7359812120206319,4.8865674016388265,-0.79807868944788118,0.22008416626749835,25615
-1.6423553717531429,6.9331475324796381,0.027328781763455344,0.21615669859050099,2673
-1.1017678758295051,6.1998482810704356,-5.1580542159754597,0.21437192541047534,14877
2.0745132635624799,6.6009510985279807,0.28908525230746157,0.21943677741185999,40319
-0.17334786768740781,6.9733938615904627,-3.5085469632122241,0.22267931922580889,11160
1.0797173377238269,5.4394456702789649,-1.727555272908095,0.21710853987781095,25552
2.4536442104659937,4.9169401373840635,-2.2841962248208407,0.21585983265809247,21763
-0.62564643124634267,7.0981111145547118,0.52977760666049567,0.21880853630955943,40102
1.9375934799250394,5.1087640808808539,-3.9064585839393695,0.21466562716497753,22391
0.56417406008724991,6.9997206524146431,-0.29598666984852384,0.21647044988818337,29392
-0.26211742981347574,5.5268280663047022,0.90204734602044478,0.21193525496816462,2764
1.6942665878089282,5.043212003917084,-1.5461805506616959,0.2153370118036827,25573
-1.3804536347973424,4.9534189215738404,-4.8105333221488547,0.21597244573016017,33404
-1.3467366014121176,5.2891867905737708,-4.9393661355482212,0.21249883779016213,598
3.0300666548016468,6.4375447988063863,-2.6282502523051279,0.21613924067086882,30560
0.32057999091753775,6.9640637803754277,-0.97574264665429833,0.22416214944085022,7390
2.9578716925124802,6.3999472317638899,-3.0187938997834909,0.21502660863031908,30440
1.5294846985648056,7.2370471299537122,-1.3687938599091081,0.22295709259190538,31782
1.4651715177162052,6.8593467739003939,-4.7269534044012866,0.2120005817137757,32739
-2.0172315652798956,4.8716307493682294,-3.0285796162867631,0.22015836520500426,18401
0.38426941643381879,4.9595541183043759,-3.5562334425375823,0.21901626893645199,12957
1.1834500519904023,4.9237280970373209,-0.011364261172296199,0.21852797385395037,4331
2.4238187726078819,5.635905837107595,-0.4115653391215407,0.21521471204853077,21245
-1.427594914271652,4.724007911724633,-1.0914298360765582,0.22029663569245525,34082
-0.85700129793950552,5.1817506589490439,0.58930274092168622,0.21400081906977317,36558
0.86170958599136893,7.0004286170937489,-4.1427091926568567,0.22086490362646491,23027
2.2530541541485891,4.7094472692026965,-1.6885466370994346,0.21630159412436936,37579
1.2342676112765449,5.0061599933969134,-3.1992803106427523,0.21290218985522513,4849
-1.4375372163096014,6.1985048428275054,-5.0196562874527846,0.21336577861919703,15002
1.365307774855183,6.9280397395950901,-1.499278197112663,0.22295709259190627,1235
2.7424718457728869,6.2537228576996258,-3.7144599905853335,0.21263602351185035,30416
-2.5749542021338803,5.4793154123988081,-0.4899067212832674,0.21885738269003907,24129
0.72568792210535993,6.3783174580442354,-5.1987521269520336,0.21165840904378536,13750
2.130057172529483,7.1332976989022763,-1.5960326723744003,0.21630252811099634,30147
-2.8098694123272776,5.859301221044996,-3.6203435782651892,0.21439370665553545,23190
-0.54969604107281145,5.0927752233077745,-3.5178436181856831,0.21771466418184532,6630
-1.0192381735339617,5.170830922428725,-1.1582073762749479,0.21624686882427127,1762
-0.066202622216853052,6.6552231663285646,-5.3156241610856867,0.21217975900249864,35079
-0.05228092687632778,6.9899280345039143,-4.2360210002696874,0.22056547330342219,13674
1.7116053164821117,7.173919972367071,-4.2911928728412194,0.20991567807721417,32615
2.1407049980994168,7.2756227262778239,-3.239157857778153,0.22180423430063276,32355
-0.18382931394740756,6.9214287092852835,-5.2607486628280657,0.21597025665169148,35205
-3.0034464565221071,5.7977597805619654,-0.68784371474600237,0.21973374369844495,36132
0.26692328342585886,6.9179382451228317,-3.6963684125806586,0.22378028671158567,22978
-3.1239056142245913,6.3414120440704789,-3.4265360081753071,0.21601888294693769,35565
1.4431729004310028,6.5171063236078579,-4.8580454769288393,0.21059189827740604,31026
0.96877355899149309,4.9680235796635754,-0.099452816167661134,0.21535880780184272,25144
0.97533593283644948,7.0946950764605452,-0.74257784574493713,0.21373202509534639,29347
0.13529890474550393,6.3783265912738365,0.84401154200054807,0.21634338803289904,20523
-0.70865626849647045,5.1417479196433868,-0.99409028220520079,0.22211773639006252,17462
1.4546313560923863,5.1913829881959312,-4.736656170272088,0.21993982590666383,3428
-1.1075694426674401,4.9709628442355642,-4.965350350548988,0.21159739252513449,32911
-1.4693418029901948,7.1365125692968538,-0.55997472372498869,0.22243551964884484,28346
2.9568787974793449,6.5665245833014447,-2.246928481928848,0.21703275379423698,30031
1.5946457309577526,6.2489517882809009,-4.8529891416124569,0.21250547856634736,30765
2.6334828494177605,6.8766739539807009,-2.6275492809829424,0.21657399831774851,6362
-1.111607061592897,6.919272580550853,-4.7958855651575201,0.22016126332813948,13566
2.8929565461717517,6.0638942224320669,-0.72789708430122857,0.21504344263616962,21436
-2.6230869397648133,5.2478342899159323,-1.3581040600699652,0.21660676607726409,23701
0.78913888606603755,5.86962467325292,-1.4873846715167531,0.2213967096582565,16587
2.4363044640765792,5.1656693996512075,-3.298348975519799,0.21481555824851947,21994
-0.62350596985746165,6.5127430217851678,0.72476097651075,0.21581114053494541,20716
-2.1618448210210643,5.0701921423989358,-0.92939019694415614,0.21666309695634933,23856
-2.2957950188288829,6.0751703094746485,-4.4013751285076674,0.21677941652108323,15295
0.96821780875935604,6.5016937350409156,-5.0960907788388319,0.21223600215662944,137
2.3600743844781968,5.8149308148578305,-4.4850285402641958,0.21215048033112258,30971
-2.6742480981688947,5.0974175564548769,-2.3509324979189281,0.20642165766946327,3713
2.4968014095775604,5.299212735239232,-3.6499625731685654,0.21504404559228643,22069
-1.3680003589376055,7.1996629363804683,0.044306756325630275,0.21859937264476192,39617
1.7392804620097473,5.9052736411301447,0.3378021279023965,0.21909610595936299,20875
-2.7781849082073,5.2469682829246871,-2.5883050145090292,0.21288932540436206,23307
-1.3859057924845233,5.3740765367535026,-2.0187183219822642,0.220980265797317,17865
1.7323951395381261,6.8965711249927564,-4.4874459099173905,0.21354632062034201,30883
1.0900123930908021,5.0817117917364873,-4.536956295571577,0.21993982590666214,42717
-1.2624828408564739,6.4240597482677417,-2.4175742391905901,0.21856940725444451,27721
-1.1820418318769483,5.1144164909802843,-3.4137865598614781,0.21652770781690295,2069
-0.64552083357570333,6.0192159404405059,-3.226523280047437,0.22122996227368924,27263
-3.1678656617698833,5.8078272951842385,-2.551439569235197,0.21804112866131897,23761
-2.0986055990576182,5.1834926441867983,-4.2458858717864221,0.21649981606092053,723
-1.8261816334007979,5.1944352606034929,-0.20656259284928863,0.2147331950763913,24544
1.1047142462668194,6.498646374065344,-2.6777503824890636,0.22289489620578984,16107
0.37685565595926329,5.201915174408736,-1.1604852221675148,0.22338037139070155,8987
2.3682956191235505,7.0829881531522378,-3.226684845984531,0.21611635653763944,32433
-1.5826003496186269,5.2036037653621152,-2.2244835649996095,0.21116082896551366,17882
1.9839736098841729,5.2227165588045317,-4.2371123311701986,0.21720920439098215,22438
2.4772746641073096,4.9272088437805603,-1.5372275773578594,0.21495876495121885,21732
0.14385759586890209,6.96134809132369,-5.2161729487010193,0.21635612381976929,41649
1.3177445937355363,4.938661252030089,0.30925511230344815,0.21636739296805158,37034
-1.5496088106055022,6.8854692879656989,-1.5654181657668125,0.22200795917946156,28290
-0.80219319294257152,5.2952442721733668,0.85663994524634091,0.21400081906977336,36577
-1.9410068586532059,7.1773515648173127,-2.8884757469669697,0.22119793759377487,38844
0.11697662882049387,6.5530938564819259,-1.0515755386548851,0.22546441947883455,1491
1.8674275003340346,7.08544211947933,-2.6290552583166358,0.22237549230244988,16024
-0.72521960339603975,6.8363413719542736,0.62345759602814632,0.21820324856890283,39727
0.86045602885851413,7.0640809769387545,-4.5449619588358852,0.22247157393726802,22885
-0.76269851017666701,7.0627816197391375,-3.3993212862558733,0.22207752997981298,11301
-1.473554450885086,6.0099421030837217,0.54412465427033607,0.21658549738768068,20022
1.1499718788169322,6.3714808760580954,-1.7305941524791757,0.22272891238122061,16669
2.1981520192854984,6.6887299804171167,-4.0980723449377958,0.21467384304920623,30720
-0.082621027296146621,5.0747701149318498,0.60975120799376159,0.21627122187520367,10446
2.5292473343402921,5.257438265152917,-0.95233564473443821,0.21445217337874409,21191
-0.80980297640203081,6.1771548004481094,-1.8490199699564711,0.22529120932485117,7065
1.2082056514423358,6.7465633672057761,0.70014543020037612,0.21468857955791742,40147
0.6973555419181463,4.8747375215761233,-3.5727471544242357,0.22041871550367076,13048
0.77958675804209288,5.0744082536445001,-0.6835726905190046,0.21617684401756435,25011
-2.0244322535195725,4.8556670156661426,-2.3765623651030228,0.21539216727122179,18083
-2.7894644329941261,6.4132867249438581,-1.0107518492379386,0.21324358884508698,2556
1.6818033031903346,4.8597406174688533,-0.49292412950348258,0.22008416626749847,37389
-3.0495098843415716,5.7485054807751448,-2.8921744727865382,0.21553743531600583,23245
-0.14202997083354302,5.1630082248227458,0.86535467499809404,0.21521334508891291,36718
-0.12625686407296208,6.1261727271578499,0.85446212383324871,0.21456646060224366,20477
1.3125131967869181,4.9936591268805426,-4.0523197643667501,0.21648352556368508,22348
-1.7221770084306591,6.8607796638034761,-4.4585901172167119,0.22222770379281337,26786
0.84463409133189749,6.7311081334920724,-3.2603039583907387,0.22445611254345532,15775
-2.8004922483405728,6.4965140286824283,-3.9800193506622907,0.21940088555551476,9979
-1.579371277866183,5.1821553526573965,-2.5673594360726031,0.21745315210973704,18207
-1.1655729695964285,7.030329792039983,-3.8891794890244178,0.21939280872644301,26700
-1.186088509866206,5.5967751770723586,-5.0653891441686731,0.21366856790510452,14773
-1.3360215102187638,7.1731110726377914,-3.1004819820344802,0.21626893023003779,38626
2.3204016394931504,4.8764122027856143,-2.619427620695824,0.21514274609153319,22118
3.0782898677576362,5.610113701784976,-2.047380580627681,0.21597572377888399,21713
0.62100516118933302,6.5290011804200514,-2.9968645754297967,0.22020928236903908,9514
-1.2666325491029777,7.098315519810769,-3.566501569663644,0.22057562117517485,4971
-2.5138980125479384,5.0656057912730112,-1.636766848143469,0.21529879273449831,23488
0.12698753174739322,5.0044387384170514,-0.66279864100063379,0.21541305096548999,4178
-2.8360672948501131,5.591158488532276,-0.74930668418604918,0.21973374369844295,36243
-2.3454394729739154,4.7177799363070978,-2.8457695230789186,0.22015836520500459,33487
1.6143603420060426,4.9897722216868905,-3.8537483875865393,0.21547338237432287,3345
-1.1003308898235873,6.4336280207040026,-1.8171333962570826,0.22421178820650012,28043
-0.95634613764084253,5.926479620602116,-2.7077251646594074,0.21865525147448861,27625
-0.381244033608786,6.9916556976560331,-0.18462009158036183,0.21737767929276777,5855
0.81872031106751386,5.6774574507070188,-1.8182965049339772,0.21521546424181839,9122
1.677825050804439,5.1016202826095114,-1.8825629504429302,0.21571258659198597,25784
-0.37590186434029643,7.007147980409945,-4.0610950275736961,0.22113494111201593,13473
0.27738986147881262,6.9882014931670424,-0.10570850155185783,0.2151889226731451,28821
0.70760876533746064,6.4254943239885431,-1.1810892589973483,0.22069705829139727,16777
-0.60340195571895694,5.48120417193189,-1.0714443475153252,0.2206452687388496,17354
-2.7566497315693264,6.7350184588583399,-2.732986636850554,0.21898453017070052,18924
2.616208320371388,5.8760351626150262,-4.2050168962206982,0.21295792258513443,41530
-2.0564418213659494,7.3048603555112157,-1.1948180132661974,0.22078791595303088,11684
-0.96356387351380579,4.9518119293594749,-4.7719912447362356,0.22038220127551705,33024
2.8719840720949956,6.6463971980975156,-1.9538075802177521,0.21771612039346039,30010
-2.8029058509145934,6.7207307054607117,-2.3695022397294725,0.22132133923681568,19572
-2.3093124954890536,7.0980165925545116,-1.2661896668664809,0.21589658057519739,19936
-1.5674363371090292,4.9465972215011993,-1.5024989210926794,0.22187436357159226,1776
-2.2793571383172577,5.2518612986951023,-0.63117593660871285,0.21770833542015433,23965
0.74783498747007127,6.5416001478337007,0.80040428705207611,0.21984064171537254,20659
3.253693833578339,6.2218029609420382,-1.2808069356181224,0.21371599766201263,40742
0.04515499341418918,6.9024746265367112,-3.4502522413040588,0.22259470024706601,12834
0.083887661423474563,7.0176396987555396,0.4324546902643398,0.21665601420447989,29060
2.8610054198603971,6.5343091137894715,-0.9236344931804592,0.21577935653905178,29843
-2.9025187476410497,5.4936566815097683,-1.3979617522817509,0.2179516311244997,23630
3.1637054006799241,6.1984696528181553,-2.8988256462323436,0.21382792766099817,30578
0.0070176146944735751,6.7102383843927216,0.81316799433522124,0.21687659096150336,39991
-0.34313966379409483,5.9177022219477289,-3.3662294899335827,0.22219037289553736,14134
1.8836642849819067,6.3201367266657709,-4.6286903033575717,0.21264870450003309,30734
-1.0964216712759773,5.2476306631828677,-3.054852572615943,0.21728315921855665,18704
1.598195596204439,6.864420989867086,-2.7114855971959626,0.22239893325019916,922
-2.0716486794731033,7.3109380378336013,-1.7663832899558514,0.22302679887218077,39054
2.8283577240410542,5.93532444045508,-3.9067060523166353,0.21295792258513446,41204
-2.1173507725685417,5.3676423705660765,-0.054989701086444687,0.2147331950763916,24106
-1.7926060456096282,7.0974387293122154,-2.1444350867557054,0.22248540697166219,27983
-3.1558000407508078,5.7405150130144147,-1.4618855545619731,0.22239164020292151,35971
2.0060037360307774,7.2331857425007877,-3.7930770747260172,0.22042984789625888,8059
2.6706351841955467,5.1315137272158884,-2.0661573811879737,0.21552774231674207,21572
0.62699656657168812,7.0675186202201612,-0.95363981162628408,0.22367017767577371,7453
-1.2156702803607085,6.7348127238675337,-1.3691958349816491,0.22200795917946306,28088
-0.78969983394775611,5.7683328228640098,-2.9934461035135476,0.22166745511969868,27348
0.56022328071901262,5.1491899047769527,-5.2838318201579426,0.21815880526892412,42140
-0.2296025418397723,5.0280099067652912,-3.7573354646044068,0.21771466418184479,14560
0.97987036678821249,4.8273341736835658,-3.4850074092703358,0.21640898688911706,11041
0.7954778883756235,6.9358307361332132,0.43617759810347922,0.2199081095400679,5989
1.7573991499133654,5.6664362230680636,-4.9457329184562351,0.21441398827455441,41494
-0.24887760508577206,6.455314742084532,0.80935679388570603,0.21468367055814919,20511
0.62479128875399592,5.559162216428791,-3.3461465479354922,0.21893173073193725,26483
-2.358961569667533,5.0544360790779104,-3.7455210056015003,0.21471289925928283,3656
-0.42239520238596251,4.9740976406979529,-0.25818415660497435,0.21630176872525722,4220
1.427374038001517,5.0362417233179322,-0.97069900882597626,0.2149525849697303,4391
2.8058398398479825,6.6459857160352893,-2.8279948223377325,0.21549093599307598,30376
2.4680032071580427,6.9176729387225322,-1.6071496070210782,0.2162290981952944,6167
2.7762961994858135,5.4829981397184167,-3.6940546271428385,0.21603557019206815,3303
-1.1630184481235855,6.9715043508724426,-0.71976984069673267,0.22336825610223884,28642
-0.22938974943753002,6.0038320671640086,-1.07394774591243,0.22050975099028702,17235
1.4890644071932202,6.9696814559411733,-3.3898016601823753,0.2212563400228755,15819
-2.6261992363156184,5.6678922939068386,-0.15248846865297905,0.21605781258499918,36150
-1.8598407085142887,7.2841558746858963,-2.5247252236744631,0.22119793759377521,38769
0.074102842836958061,6.3356675694727915,-5.3196346305916613,0.21162674263247513,252
-0.61800664827909202,6.7528496809867757,-1.0464634675964601,0.22269009649863569,28608
-1.5775314790535424,7.2426693992449875,-2.9966612145245808,0.21790198567190924,38725
-0.082786355249690288,6.9854291664050212,-3.8428634203605161,0.22267931922580797,13652
-0.064739144108634447,5.0032407490530195,-0.1496440488424905,0.21630176872525714,4124
1.9886661867395428,4.8076432547822598,-1.0562327133312475,0.21646997201948717,37414
1.1707342108360217,7.0141439962835017,-3.9511919866476011,0.22042913166895406,15537
-0.99037543286065077,4.8570029836826896,-0.6193876122607207,0.21450162324621794,24421
-1.6323267211307322,5.8788834993803087,-4.8648197099880912,0.21336577861919628,15202
2.9986560013038979,5.4916674890878614,-2.4189611113833505,0.21593387399276717,3169
-2.4445454382466596,5.6919861857358427,-4.062269653237581,0.20446962128365806,15373
1.2431903416899814,5.5338743990087078,-2.2517682468767766,0.20160215141192406,25712
-1.8753830589212923,7.0114603038391738,-0.27432767683505127,0.21629665923045704,19894
-1.7575807767067042,4.9731875700030441,-3.2669369962521229,0.21803519255639522,1969
-1.5633434856440398,7.1054988849752547,-0.83395519494151249,0.22395852731800589,28213
2.6046868249836304,5.5528494266800195,-0.75360290736750479,0.21469632737249972,21258
-3.2830145298309978,5.903450867252376,-2.2391869645459632,0.21804112866131928,10058
1.1781505575355256,6.5972836444888889,-1.5281802013352779,0.22232900651537449,16525
-0.87257163073112798,5.9672117064334858,-2.0952645627968471,0.22365408261904388,6954
-0.56834124920732165,6.9232557655294622,-0.54365680494312674,0.22033270479207331,28447
-0.24659400737698442,5.0057687490496168,-4.9976277871924024,0.21865125552886594,32991
0.85837490652750981,6.8109046711136969,-5.0806991621989148,0.21301302566181318,41714
-0.71071878707203551,6.0692363271018186,-1.4464074273019472,0.22057495131521465,1750
1.1947166996529015,5.5928709613182628,-2.5985574622731225,0.21759085414393392,26024
0.94892503429819486,7.0200313956680027,-0.41433872867184129,0.21413440368411901,29172
-1.2222894873040131,6.8699202188039017,-3.0230151788702253,0.21995308108635242,27660
-0.97510483770968226,5.1186188658148906,0.23200072589423484,0.21342162462906794,24357
-2.9376310381847976,5.5267109709776268,-2.7765027061601186,0.21553743531600675,23175
-0.69223601272288826,6.3640154585110933,-1.6068395298818088,0.22529120932485114,7072
1.3251506319285455,6.1529933097281351,-5.0208082585127691,0.21059189827740449,13975
1.4875024369700653,6.7156644926098021,0.59868591375177216,0.22019589183365651,40173
1.0601855386821657,5.5082529583643858,-5.2367435336886761,0.21578945680219552,42324
1.3438252006644014,6.7137648471363844,-2.8304065997610888,0.22242504464400417,15954
-1.400892438139679,6.8060490874136397,-5.0334653812793002,0.21753679701738821,9694
1.831344635459772,5.9914780615295058,-4.7965906936999225,0.21441398827455513,30809
1.1132661716732111,5.166323638896591,-1.1217572276836383,0.21539398635322474,4365
2.4827294868883398,6.2638771202606485,-0.10898308553342126,0.21763442185700241,40563
-1.0758863619737049,7.1410211321297421,-3.2942593058548293,0.22027475654293097,11306
2.1701184977968904,6.8517218129248549,-0.72767480657458428,0.21233955229350318,6059
2.2907901626104681,7.1109961296689503,-1.8760133976126938,0.2160988173355633,30128
3.2061216321561332,5.819294174072084,-3.3565079587962674,0.21424890536967897,41061
1.0848532979165368,4.9963750277136691,-0.42343864919622382,0.21852797385395037,25120
-1.4978246639480817,4.9141130066717356,-4.2575131549244807,0.21803963883148117,18770
-1.681407042346045,5.0353877897378689,-0.49446172259047072,0.21523199185099634,3932
2.2063178144836888,5.130981266494949,-3.6133840830292607,0.21481555824851892,22173
-0.0090063314224249867,5.3429995617951027,-0.99697743210887801,0.22338037139070036,17205
-0.003676687400031279,6.1543829438941779,-3.4223668865466506,0.22215393600906239,27123
1.1293129010085048,5.148404770965052,-4.8610029134130937,0.21993982590666405,13296
-0.50061114449652233,6.1912147659142684,0.80647702129952037,0.21360239799062916,20465
0.27159886688911106,6.9594522529159963,0.76297245707901151,0.21636026824300403,39919
3.1818645783367487,6.3342810306563386,-2.3050865655535873,0.21613924067086918,6256
1.6391531363904166,6.870861735687031,-2.3517449994779418,0.22383787375076003,16221
0.4393650029205215,6.9786525812284133,0.42719536375655343,0.21990810954006762,5872
0.96914738576024873,5.8067084489959564,0.69425283158450612,0.219233286794004,20816
0.56112631386624368,6.9979522773876388,-4.3006806527219767,0.22086490362646477,22745
-1.7073180994874015,6.7590035746268775,-4.8937603618428751,0.22113486529723542,35294
2.1475322313279226,7.3007841436106125,-2.4027585339880115,0.22158443618490387,32070
-2.3270319626432983,6.8200927721072349,-3.6550288080317532,0.22046397441274482,19195
-1.8021241090783178,5.9280528339008294,0.40431854113758026,0.21658549738768143,19982
-2.0759992532686447,6.7886919711693485,-4.3352617454574167,0.22248463819643471,4944
2.8986810246694259,6.3949290050324317,-0.55063496366851483,0.21455902914379274,40470
0.73061339512965096,5.6148781484734709,0.75466827168035178,0.21802932776285605,21116
-3.0091378595705276,6.547040738999212,-2.9198352722700935,0.22107320391340574,19078
-0.090546367511919995,5.3884331782872614,-5.3352655638156374,0.21587169442491155,14923
1.8693992867188012,6.8369655169540415,-0.23147167454230777,0.21197434431157414,29794
0.98024058622706556,6.5666509366943631,-1.3250197526625604,0.21850291862302729,16490
0.66698405475572653,4.9460441802948996,-3.9782322952310691,0.22041871550367201,42368
0.35761699340205721,7.005225891992362,-0.66113281327274287,0.21647044988818354,5832
3.2762576435128135,6.1667784713842364,-2.6054143084570707,0.21083375464570053,40910
0.3503794701060472,5.6921757639069295,0.84492162463866838,0.21422949548325187,20418
-1.4625436383408736,6.9524238359847459,-2.7718691490167098,0.21626893023003574,27678
2.6181030965291061,6.5535963535319963,-3.5636817040217341,0.21389465612591912,30353
-1.6455498015670689,6.5961816966627076,0.20403975646463754,0.2162201335341212,20126
0.95921052710263444,6.026613174987701,-1.7475172726676031,0.21843138876463594,16683
1.2452123199528518,6.9630275843929317,-0.22741273605617232,0.2141344036841186,29207
-1.8756991731122175,5.174341636582076,-4.4960216268170718,0.21649981606091856,718
-2.7621123245301566,6.6886895777404662,-1.6192802973657454,0.21778395749968649,19306
0.00041757346435908826,6.5414823680410139,-3.4138485759078936,0.22201628368744594,5078
2.6309916298548175,5.2097194760584786,-1.3241331934062395,0.21445217337874409,3196
0.6075343148679111,5.9107766934375254,-3.2485964455755281,0.21976302525989497,26475
2.2835827288128345,7.0453477965498319,-3.5626636055685648,0.2161163565376393,7892
0.43125669080021067,6.6868335511062158,-1.0434849951348637,0.22420510214427569,16882
1.7260979232277427,5.2186172574982974,-4.5453250696598371,0.21981807788927113,22485
-1.1182622812119491,6.2834789534491522,-2.729700558475058,0.21865525147448822,27515
-1.672440515974903,5.0665430617571037,-2.9376285015980717,0.21803519255639456,18225
-2.0608241206686668,7.3121383376268643,-2.0723358543841872,0.22031149344168524,39016
1.5932921875256407,5.1091661830711388,-2.5725961962184791,0.21750849189253421,26091
-1.6869437400601321,7.0503983235013523,-3.529743619602375,0.22057562117517462,26765
0.97418624210483395,7.0771496052841156,-4.8933851601934482,0.22247157393726763,41629
-0.37959286816275556,6.9760803162465903,-4.8520429440900816,0.22229525861388963,13318
1.3003600996998601,6.4952724887572009,-2.0783885750499658,0.2228464112350608,16263
1.2632014575026815,4.7755943830944156,-3.4015344226583704,0.21131113473272814,38171
-2.691599522139029,6.6780321161874285,-3.5030494683876703,0.22055330715942206,18827
0.5691038924360986,6.9342961303260884,-3.9121504834662901,0.22184055078113465,22811
-1.3357623909470373,5.3856011430953616,-2.3872156329313561,0.21988737437777148,18113
2.4794387986617794,6.4832461113445516,-3.8838463045272453,0.21435085578264387,30641
-2.8523394782788003,5.5129027909001751,-3.0818812570773813,0.21474733519944478,23167
-2.9379094346966244,6.564369496577898,-3.2891559487737903,0.22107320391340687,19061
-2.1821522053768367,6.6239804601951739,-4.6197256583592194,0.21302961903411366,35282
-2.4080506281255576,4.8759103177772269,-1.9075155965277024,0.21599627167108199,23659
1.8136767561593845,7.1153956863782728,-3.2705382277810697,0.22180423430063145,981
-0.60268380232017682,5.0080056957925017,-4.2186395729709245,0.21814244013876494,14426
2.8714983210667628,5.3906022135675071,-1.8511860343205926,0.21597572377888422,21638
-0.44670702466815659,6.6487932151266529,-5.3123171677037284,0.21218419714881281,9677
-2.7193366581882632,5.217928343016851,-2.8977721139934749,0.21408340472041565,23104
-0.98326595136572303,6.5622460286247657,0.59080691227020943,0.2164896156380203,20152
0.29178925140812312,5.4983832517557589,-1.1094107312833783,0.22338037139070074,16962
2.724398061838369,6.6139362134286532,-3.2094577224371093,0.2139694827268106,6303
2.2175038580896671,6.1124081455884918,0.058606621308127257,0.21961346183045316,21475
-2.4470049105927347,6.8501305765204563,-1.0568426766709649,0.21489421096920402,19738
-3.3404803387465534,6.2335023738662283,-2.228119972937197,0.21945896475095852,35916
2.6984556489665663,6.1362895809691889,-0.41083648100197229,0.21455902914379477,21448
0.004411141600887061,5.0919833433753254,-5.2977830925305174,0.21865125552886536,33115
-0.9197493107334126,6.516598147103327,-5.232721470502141,0.21543836162688959,15029
-0.48379259458832097,5.1357012996824176,0.66451928681746653,0.21521334508891291,10443
2.199789971397156,7.288044484273752,-2.9762811434013083,0.2193886208555689,7848
-1.9794103218337997,7.2917847424116173,-0.90989688339442887,0.22104071207127896,11688
-1.2841476054625647,6.6167929829446628,-2.7484534384170027,0.21733536466545608,27561
2.3483492231253438,6.4079532151728396,-4.1255219683283855,0.20769980415163125,30793
-1.8569151315443251,4.8841931103279297,-3.6410721337604879,0.217329072316616,18738
0.63591477370199301,4.9923673498019463,0.037353334139425806,0.21493685237198654,25297
-0.90698148220468267,5.4314984085826268,-1.2266263061838965,0.22064526873885118,17494
-0.76937185485275938,7.0286205654322123,-3.9545629965556355,0.21913865265562493,70
1.4126467107877965,5.8886303592122857,0.51920640614514313,0.21249343553966663,20862
-1.1675139544778614,4.9659947740107908,-0.37052687624852104,0.20591495758328959,24238
1.4345751198848413,7.1258862580629874,-4.1411712945403982,0.22076340051674437,15712
3.3261384144679949,6.2106964347536069,-1.5892073252753631,0.21712397492614399,12327
0.74005167849857367,5.2638383465545395,0.72004832666067997,0.21745107149297638,10611
1.551272556896913,5.2379327838575271,0.27378675111509893,0.21636739296804969,2899
3.1712339078164189,6.3746708372410295,-1.9848084052924082,0.21663545035647441,30213
-0.019739498295816862,5.7850693373864752,-3.4286586964831347,0.22219037289553631,14259
0.8614880985049197,5.7666383996175341,-3.082755092756984,0.21902441318659607,4765
-2.1943394982627149,6.9957967132175796,-3.1090753547035241,0.22017555181537907,18980
0.86895544264633418,6.0340750227206659,-2.3379789180732762,0.22077161708399612,9465
-2.5446439763272046,4.9648917455616459,-3.0238888766868697,0.21408340472041404,23281
-1.5677624206020517,4.8687634524002723,-0.7945782128812191,0.21676816895030859,24059
0.77595201998762198,5.0056882119108197,0.61373735623306069,0.21873522366385881,10619
0.57834158902520083,6.9757207938264223,0.098929180939700143,0.21646784296825489,29088
0.90448517199418987,6.8326866987792902,0.7539496255694369,0.21984064171537093,40392
0.97620543703605278,6.1248690557925487,-5.1612352540334339,0.21344460575754767,13825
-3.0140282157540939,5.6597532598325904,-1.0931964394846634,0.22239164020292046,35983
-2.3830993661599162,5.9070226435917625,-4.2443252528702686,0.21677941652108293,15268
0.75320695170084384,5.018157598808199,-0.34100370052532347,0.21417204379972862,4262
2.2112337598155087,5.4092929656097821,-0.29104908024432552,0.21417630341207836,2959
0.93409304200455401,6.2436920073715108,-1.4552292774841298,0.22165963068749348,16543
-2.5408521094239664,5.308737715044022,-3.6149577436423228,0.21471289925928277,23072
2.8304707740879689,5.4350615784329195,-1.4832933840928268,0.21592189559243274,21618
0.4692068037711144,5.0310705747777842,-4.5725327176399384,0.22072024275976629,42490
2.3303465209492553,5.5041139380635711,-4.5956415960254251,0.2134252020116032,12584
-1.3484092975612423,4.9858783621029827,-1.2959797578065222,0.22067342111650995,17745
1.6486394415878787,7.0307651315711839,-0.75947046385519523,0.2142706829946863,29568
-0.64014271821406932,6.6926505745695746,-3.3441961280356192,0.22023869335688304,27395
-2.3486342976635863,5.9018823140563361,0.032717095907853738,0.21516152863076873,36310
-0.86868234011060885,6.2449365464173754,0.71003680344075526,0.21432518101308679,20255
-3.2259536765775447,6.3375716761340843,-3.1303590800384109,0.22107320391340704,35599
-3.0449334252403424,6.1949913395790954,-1.1501256053837674,0.21216459490392456,2390
-0.46427239569117912,6.0797808010966854,-5.3044165687378788,0.21425239960518042,551
-0.7626076412240993,6.8466327621240071,-5.2382152092437906,0.21543836162688865,34989
1.2516149185886127,6.8058646082941152,-3.198204120112611,0.22242504464400426,15807
2.2484765839481358,4.7276100006102677,-1.3485180346075833,0.21646997201948665,37802
-3.0190345839289612,5.561057394788544,-1.7537654924039732,0.21389790046970011,23618
-0.6287804984361548,5.093787533532562,0.32880977736808426,0.21368730482097115,24919
1.7890978673649183,6.6967293376426058,0.43741791827337362,0.21148047472763773,40204
-2.9216713113984358,6.1275456959475365,-0.82604446672859277,0.21284860994789559,19811
-1.2160052159704333,5.0315796927018281,-3.76215422866195,0.21652770781690336,18575
-1.8582427218975275,5.3303789154015258,0.1647297601830838,0.21473319507639127,24528
-0.57152470986501913,5.0379476648557899,-5.1976653015887626,0.21674663904758493,32923
